series_id,date,value,description
DTWEXBGS,2020-01-02,114.9745,Trade Weighted US Dollar Index (Daily)
DTWEXBGS,2020-01-03,114.9867,Trade Weighted US Dollar Index (Daily)
DTWEXBGS,2020-01-06,114.9557,Trade Weighted US Dollar Index (Daily)
DTWEXBGS,2020-01-07,115.1477,Trade Weighted US Dollar Index (Daily)
DTWEXBGS,2020-01-08,115.1328,Trade Weighted US Dollar Index (Daily)
DTWEXBGS,2020-01-09,115.2331,Trade Weighted US Dollar Index (Daily)
DTWEXBGS,2020-01-10,115.0677,Trade Weighted US Dollar Index (Daily)
DTWEXBGS,2020-01-13,115.0342,Trade Weighted US Dollar Index (Daily)
DTWEXBGS,2020-01-14,115.0239,Trade Weighted US Dollar Index (Daily)
DTWEXBGS,2020-01-15,114.9528,Trade Weighted US Dollar Index (Daily)
DTWEXBGS,2020-01-16,115.0006,Trade Weighted US Dollar Index (Daily)
DTWEXBGS,2020-01-17,115.0656,Trade Weighted US Dollar Index (Daily)
DTWEXBGS,2020-01-21,115.1876,Trade Weighted US Dollar Index (Daily)
DTWEXBGS,2020-01-22,115.2273,Trade Weighted US Dollar Index (Daily)
DTWEXBGS,2020-01-23,115.5545,Trade Weighted US Dollar Index (Daily)
DTWEXBGS,2020-01-24,115.5556,Trade Weighted US Dollar Index (Daily)
DTWEXBGS,2020-01-27,115.8004,Trade Weighted US Dollar Index (Daily)
DTWEXBGS,2020-01-28,115.7239,Trade Weighted US Dollar Index (Daily)
DTWEXBGS,2020-01-29,115.7003,Trade Weighted US Dollar Index (Daily)
DTWEXBGS,2020-01-30,115.8077,Trade Weighted US Dollar Index (Daily)
DTWEXBGS,2020-01-31,115.7345,Trade Weighted US Dollar Index (Daily)
DTWEXBGS,2020-02-03,116.1172,Trade Weighted US Dollar Index (Daily)
DTWEXBGS,2020-02-04,115.9291,Trade Weighted US Dollar Index (Daily)
DTWEXBGS,2020-02-05,116.009,Trade Weighted US Dollar Index (Daily)
DTWEXBGS,2020-02-06,116.1518,Trade Weighted US Dollar Index (Daily)
DTWEXBGS,2020-02-07,116.5086,Trade Weighted US Dollar Index (Daily)
DTWEXBGS,2020-02-10,116.5711,Trade Weighted US Dollar Index (Daily)
DTWEXBGS,2020-02-11,116.3585,Trade Weighted US Dollar Index (Daily)
DTWEXBGS,2020-02-12,116.2794,Trade Weighted US Dollar Index (Daily)
DTWEXBGS,2020-02-13,116.3999,Trade Weighted US Dollar Index (Daily)
DTWEXBGS,2020-02-14,116.4223,Trade Weighted US Dollar Index (Daily)
DTWEXBGS,2020-02-18,116.6039,Trade Weighted US Dollar Index (Daily)
DTWEXBGS,2020-02-19,116.7829,Trade Weighted US Dollar Index (Daily)
DTWEXBGS,2020-02-20,117.2454,Trade Weighted US Dollar Index (Daily)
DTWEXBGS,2020-02-21,117.0473,Trade Weighted US Dollar Index (Daily)
DTWEXBGS,2020-02-24,117.4018,Trade Weighted US Dollar Index (Daily)
DTWEXBGS,2020-02-25,117.2425,Trade Weighted US Dollar Index (Daily)
DTWEXBGS,2020-02-26,117.405,Trade Weighted US Dollar Index (Daily)
DTWEXBGS,2020-02-27,117.3678,Trade Weighted US Dollar Index (Daily)
DTWEXBGS,2020-02-28,117.6568,Trade Weighted US Dollar Index (Daily)
DTWEXBGS,2020-03-02,116.8144,Trade Weighted US Dollar Index (Daily)
DTWEXBGS,2020-03-03,116.4958,Trade Weighted US Dollar Index (Daily)
DTWEXBGS,2020-03-04,116.7802,Trade Weighted US Dollar Index (Daily)
DTWEXBGS,2020-03-05,116.7901,Trade Weighted US Dollar Index (Daily)
DTWEXBGS,2020-03-06,116.7106,Trade Weighted US Dollar Index (Daily)
DTWEXBGS,2020-03-09,117.1871,Trade Weighted US Dollar Index (Daily)
DTWEXBGS,2020-03-10,117.9027,Trade Weighted US Dollar Index (Daily)
DTWEXBGS,2020-03-11,118.2505,Trade Weighted US Dollar Index (Daily)
DTWEXBGS,2020-03-12,120.4883,Trade Weighted US Dollar Index (Daily)
DTWEXBGS,2020-03-13,120.4388,Trade Weighted US Dollar Index (Daily)
DTWEXBGS,2020-03-16,120.9352,Trade Weighted US Dollar Index (Daily)
DTWEXBGS,2020-03-17,122.4816,Trade Weighted US Dollar Index (Daily)
DTWEXBGS,2020-03-18,124.1623,Trade Weighted US Dollar Index (Daily)
DTWEXBGS,2020-03-19,125.0587,Trade Weighted US Dollar Index (Daily)
DTWEXBGS,2020-03-20,124.9362,Trade Weighted US Dollar Index (Daily)
DTWEXBGS,2020-03-23,126.1262,Trade Weighted US Dollar Index (Daily)
DTWEXBGS,2020-03-24,125.5001,Trade Weighted US Dollar Index (Daily)
DTWEXBGS,2020-03-25,124.7916,Trade Weighted US Dollar Index (Daily)
DTWEXBGS,2020-03-26,122.4308,Trade Weighted US Dollar Index (Daily)
DTWEXBGS,2020-03-27,122.4007,Trade Weighted US Dollar Index (Daily)
DTWEXBGS,2020-03-30,123.2883,Trade Weighted US Dollar Index (Daily)
DTWEXBGS,2020-03-31,122.5301,Trade Weighted US Dollar Index (Daily)
DTWEXBGS,2020-04-01,123.7933,Trade Weighted US Dollar Index (Daily)
DTWEXBGS,2020-04-02,123.5916,Trade Weighted US Dollar Index (Daily)
DTWEXBGS,2020-04-03,124.4152,Trade Weighted US Dollar Index (Daily)
DTWEXBGS,2020-04-06,124.16,Trade Weighted US Dollar Index (Daily)
DTWEXBGS,2020-04-07,123.0956,Trade Weighted US Dollar Index (Daily)
DTWEXBGS,2020-04-08,123.2216,Trade Weighted US Dollar Index (Daily)
DTWEXBGS,2020-04-09,122.476,Trade Weighted US Dollar Index (Daily)
DTWEXBGS,2020-04-10,122.1592,Trade Weighted US Dollar Index (Daily)
DTWEXBGS,2020-04-13,122.5203,Trade Weighted US Dollar Index (Daily)
DTWEXBGS,2020-04-14,122.1121,Trade Weighted US Dollar Index (Daily)
DTWEXBGS,2020-04-15,123.0752,Trade Weighted US Dollar Index (Daily)
DTWEXBGS,2020-04-16,123.4615,Trade Weighted US Dollar Index (Daily)
DTWEXBGS,2020-04-17,122.871,Trade Weighted US Dollar Index (Daily)
DTWEXBGS,2020-04-20,123.1033,Trade Weighted US Dollar Index (Daily)
DTWEXBGS,2020-04-21,123.9116,Trade Weighted US Dollar Index (Daily)
DTWEXBGS,2020-04-22,123.9256,Trade Weighted US Dollar Index (Daily)
DTWEXBGS,2020-04-23,123.7542,Trade Weighted US Dollar Index (Daily)
DTWEXBGS,2020-04-24,124.1615,Trade Weighted US Dollar Index (Daily)
DTWEXBGS,2020-04-27,123.8843,Trade Weighted US Dollar Index (Daily)
DTWEXBGS,2020-04-28,123.3693,Trade Weighted US Dollar Index (Daily)
DTWEXBGS,2020-04-29,122.7782,Trade Weighted US Dollar Index (Daily)
DTWEXBGS,2020-04-30,122.327,Trade Weighted US Dollar Index (Daily)
DTWEXBGS,2020-05-01,123.1492,Trade Weighted US Dollar Index (Daily)
DTWEXBGS,2020-05-04,123.2117,Trade Weighted US Dollar Index (Daily)
DTWEXBGS,2020-05-05,122.803,Trade Weighted US Dollar Index (Daily)
DTWEXBGS,2020-05-06,123.609,Trade Weighted US Dollar Index (Daily)
DTWEXBGS,2020-05-07,123.1249,Trade Weighted US Dollar Index (Daily)
DTWEXBGS,2020-05-08,122.5379,Trade Weighted US Dollar Index (Daily)
DTWEXBGS,2020-05-11,123.2333,Trade Weighted US Dollar Index (Daily)
DTWEXBGS,2020-05-12,123.0592,Trade Weighted US Dollar Index (Daily)
DTWEXBGS,2020-05-13,123.5408,Trade Weighted US Dollar Index (Daily)
DTWEXBGS,2020-05-14,123.6429,Trade Weighted US Dollar Index (Daily)
DTWEXBGS,2020-05-15,123.5991,Trade Weighted US Dollar Index (Daily)
DTWEXBGS,2020-05-18,122.7968,Trade Weighted US Dollar Index (Daily)
DTWEXBGS,2020-05-19,122.5655,Trade Weighted US Dollar Index (Daily)
DTWEXBGS,2020-05-20,122.1007,Trade Weighted US Dollar Index (Daily)
DTWEXBGS,2020-05-21,122.0914,Trade Weighted US Dollar Index (Daily)
DTWEXBGS,2020-05-22,122.3211,Trade Weighted US Dollar Index (Daily)
DTWEXBGS,2020-05-26,121.3864,Trade Weighted US Dollar Index (Daily)
DTWEXBGS,2020-05-27,121.5677,Trade Weighted US Dollar Index (Daily)
DTWEXBGS,2020-05-28,121.0138,Trade Weighted US Dollar Index (Daily)
DTWEXBGS,2020-05-29,120.9458,Trade Weighted US Dollar Index (Daily)
DTWEXBGS,2020-06-01,120.2686,Trade Weighted US Dollar Index (Daily)
DTWEXBGS,2020-06-02,119.6854,Trade Weighted US Dollar Index (Daily)
DTWEXBGS,2020-06-03,119.2556,Trade Weighted US Dollar Index (Daily)
DTWEXBGS,2020-06-04,119.3014,Trade Weighted US Dollar Index (Daily)
DTWEXBGS,2020-06-05,118.8138,Trade Weighted US Dollar Index (Daily)
DTWEXBGS,2020-06-08,118.6621,Trade Weighted US Dollar Index (Daily)
DTWEXBGS,2020-06-09,118.5893,Trade Weighted US Dollar Index (Daily)
DTWEXBGS,2020-06-10,118.5231,Trade Weighted US Dollar Index (Daily)
DTWEXBGS,2020-06-11,119.2347,Trade Weighted US Dollar Index (Daily)
DTWEXBGS,2020-06-12,119.6645,Trade Weighted US Dollar Index (Daily)
DTWEXBGS,2020-06-15,119.9539,Trade Weighted US Dollar Index (Daily)
DTWEXBGS,2020-06-16,119.567,Trade Weighted US Dollar Index (Daily)
DTWEXBGS,2020-06-17,119.9105,Trade Weighted US Dollar Index (Daily)
DTWEXBGS,2020-06-18,120.2173,Trade Weighted US Dollar Index (Daily)
DTWEXBGS,2020-06-19,120.2186,Trade Weighted US Dollar Index (Daily)
DTWEXBGS,2020-06-22,119.7532,Trade Weighted US Dollar Index (Daily)
DTWEXBGS,2020-06-23,119.3285,Trade Weighted US Dollar Index (Daily)
DTWEXBGS,2020-06-24,119.9744,Trade Weighted US Dollar Index (Daily)
DTWEXBGS,2020-06-25,120.2997,Trade Weighted US Dollar Index (Daily)
DTWEXBGS,2020-06-26,120.533,Trade Weighted US Dollar Index (Daily)
DTWEXBGS,2020-06-29,120.6658,Trade Weighted US Dollar Index (Daily)
DTWEXBGS,2020-06-30,120.4649,Trade Weighted US Dollar Index (Daily)
DTWEXBGS,2020-07-01,120.0808,Trade Weighted US Dollar Index (Daily)
DTWEXBGS,2020-07-02,119.8555,Trade Weighted US Dollar Index (Daily)
DTWEXBGS,2020-07-06,119.2852,Trade Weighted US Dollar Index (Daily)
DTWEXBGS,2020-07-07,119.5717,Trade Weighted US Dollar Index (Daily)
DTWEXBGS,2020-07-08,119.5525,Trade Weighted US Dollar Index (Daily)
DTWEXBGS,2020-07-09,119.5129,Trade Weighted US Dollar Index (Daily)
DTWEXBGS,2020-07-10,119.3509,Trade Weighted US Dollar Index (Daily)
DTWEXBGS,2020-07-13,119.1891,Trade Weighted US Dollar Index (Daily)
DTWEXBGS,2020-07-14,119.3901,Trade Weighted US Dollar Index (Daily)
DTWEXBGS,2020-07-15,119.0331,Trade Weighted US Dollar Index (Daily)
DTWEXBGS,2020-07-16,118.9275,Trade Weighted US Dollar Index (Daily)
DTWEXBGS,2020-07-17,119.124,Trade Weighted US Dollar Index (Daily)
DTWEXBGS,2020-07-20,119.0483,Trade Weighted US Dollar Index (Daily)
DTWEXBGS,2020-07-21,118.4042,Trade Weighted US Dollar Index (Daily)
DTWEXBGS,2020-07-22,118.1337,Trade Weighted US Dollar Index (Daily)
DTWEXBGS,2020-07-23,118.0613,Trade Weighted US Dollar Index (Daily)
DTWEXBGS,2020-07-24,118.1329,Trade Weighted US Dollar Index (Daily)
DTWEXBGS,2020-07-27,117.3869,Trade Weighted US Dollar Index (Daily)
DTWEXBGS,2020-07-28,117.3189,Trade Weighted US Dollar Index (Daily)
DTWEXBGS,2020-07-29,117.2126,Trade Weighted US Dollar Index (Daily)
DTWEXBGS,2020-07-30,117.4008,Trade Weighted US Dollar Index (Daily)
DTWEXBGS,2020-07-31,117.2082,Trade Weighted US Dollar Index (Daily)
DTWEXBGS,2020-08-03,117.8074,Trade Weighted US Dollar Index (Daily)
DTWEXBGS,2020-08-04,117.7833,Trade Weighted US Dollar Index (Daily)
DTWEXBGS,2020-08-05,116.8736,Trade Weighted US Dollar Index (Daily)
DTWEXBGS,2020-08-06,117.0422,Trade Weighted US Dollar Index (Daily)
DTWEXBGS,2020-08-07,117.6239,Trade Weighted US Dollar Index (Daily)
DTWEXBGS,2020-08-10,117.5821,Trade Weighted US Dollar Index (Daily)
DTWEXBGS,2020-08-11,117.3781,Trade Weighted US Dollar Index (Daily)
DTWEXBGS,2020-08-12,117.2559,Trade Weighted US Dollar Index (Daily)
DTWEXBGS,2020-08-13,117.1193,Trade Weighted US Dollar Index (Daily)
DTWEXBGS,2020-08-14,116.9395,Trade Weighted US Dollar Index (Daily)
DTWEXBGS,2020-08-17,116.749,Trade Weighted US Dollar Index (Daily)
DTWEXBGS,2020-08-18,116.5593,Trade Weighted US Dollar Index (Daily)
DTWEXBGS,2020-08-19,116.567,Trade Weighted US Dollar Index (Daily)
DTWEXBGS,2020-08-20,116.8126,Trade Weighted US Dollar Index (Daily)
DTWEXBGS,2020-08-21,117.0572,Trade Weighted US Dollar Index (Daily)
DTWEXBGS,2020-08-24,116.912,Trade Weighted US Dollar Index (Daily)
DTWEXBGS,2020-08-25,116.8206,Trade Weighted US Dollar Index (Daily)
DTWEXBGS,2020-08-26,116.6243,Trade Weighted US Dollar Index (Daily)
DTWEXBGS,2020-08-27,116.649,Trade Weighted US Dollar Index (Daily)
DTWEXBGS,2020-08-28,115.9374,Trade Weighted US Dollar Index (Daily)
DTWEXBGS,2020-08-31,115.7586,Trade Weighted US Dollar Index (Daily)
DTWEXBGS,2020-09-01,115.5687,Trade Weighted US Dollar Index (Daily)
DTWEXBGS,2020-09-02,116.0304,Trade Weighted US Dollar Index (Daily)
DTWEXBGS,2020-09-03,116.0685,Trade Weighted US Dollar Index (Daily)
DTWEXBGS,2020-09-04,116.0347,Trade Weighted US Dollar Index (Daily)
DTWEXBGS,2020-09-08,116.4618,Trade Weighted US Dollar Index (Daily)
DTWEXBGS,2020-09-09,116.1291,Trade Weighted US Dollar Index (Daily)
DTWEXBGS,2020-09-10,115.8806,Trade Weighted US Dollar Index (Daily)
DTWEXBGS,2020-09-11,116.0866,Trade Weighted US Dollar Index (Daily)
DTWEXBGS,2020-09-14,115.6428,Trade Weighted US Dollar Index (Daily)
DTWEXBGS,2020-09-15,115.5908,Trade Weighted US Dollar Index (Daily)
DTWEXBGS,2020-09-16,115.3537,Trade Weighted US Dollar Index (Daily)
DTWEXBGS,2020-09-17,115.4392,Trade Weighted US Dollar Index (Daily)
DTWEXBGS,2020-09-18,115.2395,Trade Weighted US Dollar Index (Daily)
DTWEXBGS,2020-09-21,116.378,Trade Weighted US Dollar Index (Daily)
DTWEXBGS,2020-09-22,116.5438,Trade Weighted US Dollar Index (Daily)
DTWEXBGS,2020-09-23,117.2526,Trade Weighted US Dollar Index (Daily)
DTWEXBGS,2020-09-24,117.5473,Trade Weighted US Dollar Index (Daily)
DTWEXBGS,2020-09-25,117.8679,Trade Weighted US Dollar Index (Daily)
DTWEXBGS,2020-09-28,117.6178,Trade Weighted US Dollar Index (Daily)
DTWEXBGS,2020-09-29,117.526,Trade Weighted US Dollar Index (Daily)
DTWEXBGS,2020-09-30,116.946,Trade Weighted US Dollar Index (Daily)
DTWEXBGS,2020-10-01,116.7227,Trade Weighted US Dollar Index (Daily)
DTWEXBGS,2020-10-02,116.7321,Trade Weighted US Dollar Index (Daily)
DTWEXBGS,2020-10-05,116.1767,Trade Weighted US Dollar Index (Daily)
DTWEXBGS,2020-10-06,116.2681,Trade Weighted US Dollar Index (Daily)
DTWEXBGS,2020-10-07,116.3447,Trade Weighted US Dollar Index (Daily)
DTWEXBGS,2020-10-08,116.1657,Trade Weighted US Dollar Index (Daily)
DTWEXBGS,2020-10-09,115.2757,Trade Weighted US Dollar Index (Daily)
DTWEXBGS,2020-10-13,115.9107,Trade Weighted US Dollar Index (Daily)
DTWEXBGS,2020-10-14,115.6872,Trade Weighted US Dollar Index (Daily)
DTWEXBGS,2020-10-15,116.0964,Trade Weighted US Dollar Index (Daily)
DTWEXBGS,2020-10-16,115.7679,Trade Weighted US Dollar Index (Daily)
DTWEXBGS,2020-10-19,115.4031,Trade Weighted US Dollar Index (Daily)
DTWEXBGS,2020-10-20,115.2485,Trade Weighted US Dollar Index (Daily)
DTWEXBGS,2020-10-21,114.9108,Trade Weighted US Dollar Index (Daily)
DTWEXBGS,2020-10-22,115.1158,Trade Weighted US Dollar Index (Daily)
DTWEXBGS,2020-10-23,115.0126,Trade Weighted US Dollar Index (Daily)
DTWEXBGS,2020-10-26,115.2797,Trade Weighted US Dollar Index (Daily)
DTWEXBGS,2020-10-27,115.0131,Trade Weighted US Dollar Index (Daily)
DTWEXBGS,2020-10-28,115.8023,Trade Weighted US Dollar Index (Daily)
DTWEXBGS,2020-10-29,116.3069,Trade Weighted US Dollar Index (Daily)
DTWEXBGS,2020-10-30,116.1354,Trade Weighted US Dollar Index (Daily)
DTWEXBGS,2020-11-02,116.2361,Trade Weighted US Dollar Index (Daily)
DTWEXBGS,2020-11-03,115.4802,Trade Weighted US Dollar Index (Daily)
DTWEXBGS,2020-11-04,115.1677,Trade Weighted US Dollar Index (Daily)
DTWEXBGS,2020-11-05,114.4556,Trade Weighted US Dollar Index (Daily)
DTWEXBGS,2020-11-06,113.9919,Trade Weighted US Dollar Index (Daily)
DTWEXBGS,2020-11-09,114.0895,Trade Weighted US Dollar Index (Daily)
DTWEXBGS,2020-11-10,114.0757,Trade Weighted US Dollar Index (Daily)
DTWEXBGS,2020-11-12,114.2843,Trade Weighted US Dollar Index (Daily)
DTWEXBGS,2020-11-13,114.2397,Trade Weighted US Dollar Index (Daily)
DTWEXBGS,2020-11-16,113.8312,Trade Weighted US Dollar Index (Daily)
DTWEXBGS,2020-11-17,113.682,Trade Weighted US Dollar Index (Daily)
DTWEXBGS,2020-11-18,113.46,Trade Weighted US Dollar Index (Daily)
DTWEXBGS,2020-11-19,113.694,Trade Weighted US Dollar Index (Daily)
DTWEXBGS,2020-11-20,113.489,Trade Weighted US Dollar Index (Daily)
DTWEXBGS,2020-11-23,113.7548,Trade Weighted US Dollar Index (Daily)
DTWEXBGS,2020-11-24,113.4316,Trade Weighted US Dollar Index (Daily)
DTWEXBGS,2020-11-25,113.1823,Trade Weighted US Dollar Index (Daily)
DTWEXBGS,2020-11-30,113.2256,Trade Weighted US Dollar Index (Daily)
DTWEXBGS,2020-12-01,112.8063,Trade Weighted US Dollar Index (Daily)
DTWEXBGS,2020-12-02,112.6115,Trade Weighted US Dollar Index (Daily)
DTWEXBGS,2020-12-03,112.0236,Trade Weighted US Dollar Index (Daily)
DTWEXBGS,2020-12-04,111.7778,Trade Weighted US Dollar Index (Daily)
DTWEXBGS,2020-12-07,111.8385,Trade Weighted US Dollar Index (Daily)
DTWEXBGS,2020-12-08,111.8639,Trade Weighted US Dollar Index (Daily)
DTWEXBGS,2020-12-09,112.0305,Trade Weighted US Dollar Index (Daily)
DTWEXBGS,2020-12-10,111.9788,Trade Weighted US Dollar Index (Daily)
DTWEXBGS,2020-12-11,112.1417,Trade Weighted US Dollar Index (Daily)
DTWEXBGS,2020-12-14,112.1708,Trade Weighted US Dollar Index (Daily)
DTWEXBGS,2020-12-15,111.8601,Trade Weighted US Dollar Index (Daily)
DTWEXBGS,2020-12-16,111.7157,Trade Weighted US Dollar Index (Daily)
DTWEXBGS,2020-12-17,111.2226,Trade Weighted US Dollar Index (Daily)
DTWEXBGS,2020-12-18,111.6071,Trade Weighted US Dollar Index (Daily)
DTWEXBGS,2020-12-21,111.9415,Trade Weighted US Dollar Index (Daily)
DTWEXBGS,2020-12-22,112.1947,Trade Weighted US Dollar Index (Daily)
DTWEXBGS,2020-12-23,111.9807,Trade Weighted US Dollar Index (Daily)
DTWEXBGS,2020-12-28,111.9752,Trade Weighted US Dollar Index (Daily)
DTWEXBGS,2020-12-29,111.5172,Trade Weighted US Dollar Index (Daily)
DTWEXBGS,2020-12-30,111.3084,Trade Weighted US Dollar Index (Daily)
DTWEXBGS,2020-12-31,111.3169,Trade Weighted US Dollar Index (Daily)
DTWEXBGS,2021-01-04,111.2075,Trade Weighted US Dollar Index (Daily)
DTWEXBGS,2021-01-05,110.9574,Trade Weighted US Dollar Index (Daily)
DTWEXBGS,2021-01-06,110.8502,Trade Weighted US Dollar Index (Daily)
DTWEXBGS,2021-01-07,111.3042,Trade Weighted US Dollar Index (Daily)
DTWEXBGS,2021-01-08,111.2847,Trade Weighted US Dollar Index (Daily)
DTWEXBGS,2021-01-11,111.8257,Trade Weighted US Dollar Index (Daily)
DTWEXBGS,2021-01-12,111.5501,Trade Weighted US Dollar Index (Daily)
DTWEXBGS,2021-01-13,111.3622,Trade Weighted US Dollar Index (Daily)
DTWEXBGS,2021-01-14,111.1567,Trade Weighted US Dollar Index (Daily)
DTWEXBGS,2021-01-15,111.5106,Trade Weighted US Dollar Index (Daily)
DTWEXBGS,2021-01-19,111.4527,Trade Weighted US Dollar Index (Daily)
DTWEXBGS,2021-01-21,111.1973,Trade Weighted US Dollar Index (Daily)
DTWEXBGS,2021-01-22,111.5516,Trade Weighted US Dollar Index (Daily)
DTWEXBGS,2021-01-25,111.8676,Trade Weighted US Dollar Index (Daily)
DTWEXBGS,2021-01-26,111.6572,Trade Weighted US Dollar Index (Daily)
DTWEXBGS,2021-01-27,112.0782,Trade Weighted US Dollar Index (Daily)
DTWEXBGS,2021-01-28,112.0059,Trade Weighted US Dollar Index (Daily)
DTWEXBGS,2021-01-29,111.9511,Trade Weighted US Dollar Index (Daily)
DTWEXBGS,2021-02-01,112.4189,Trade Weighted US Dollar Index (Daily)
DTWEXBGS,2021-02-02,112.2862,Trade Weighted US Dollar Index (Daily)
DTWEXBGS,2021-02-03,112.2567,Trade Weighted US Dollar Index (Daily)
DTWEXBGS,2021-02-04,112.7469,Trade Weighted US Dollar Index (Daily)
DTWEXBGS,2021-02-05,112.2379,Trade Weighted US Dollar Index (Daily)
DTWEXBGS,2021-02-08,112.0428,Trade Weighted US Dollar Index (Daily)
DTWEXBGS,2021-02-09,111.7675,Trade Weighted US Dollar Index (Daily)
DTWEXBGS,2021-02-10,111.5834,Trade Weighted US Dollar Index (Daily)
DTWEXBGS,2021-02-11,111.5272,Trade Weighted US Dollar Index (Daily)
DTWEXBGS,2021-02-12,111.4889,Trade Weighted US Dollar Index (Daily)
DTWEXBGS,2021-02-16,111.7879,Trade Weighted US Dollar Index (Daily)
DTWEXBGS,2021-02-17,112.0204,Trade Weighted US Dollar Index (Daily)
DTWEXBGS,2021-02-18,112.1603,Trade Weighted US Dollar Index (Daily)
DTWEXBGS,2021-02-19,111.7058,Trade Weighted US Dollar Index (Daily)
DTWEXBGS,2021-02-22,111.918,Trade Weighted US Dollar Index (Daily)
DTWEXBGS,2021-02-23,111.8981,Trade Weighted US Dollar Index (Daily)
DTWEXBGS,2021-02-24,111.7212,Trade Weighted US Dollar Index (Daily)
DTWEXBGS,2021-02-25,111.9253,Trade Weighted US Dollar Index (Daily)
DTWEXBGS,2021-02-26,112.8306,Trade Weighted US Dollar Index (Daily)
DTWEXBGS,2021-03-01,112.5263,Trade Weighted US Dollar Index (Daily)
DTWEXBGS,2021-03-02,112.5342,Trade Weighted US Dollar Index (Daily)
DTWEXBGS,2021-03-03,112.7617,Trade Weighted US Dollar Index (Daily)
DTWEXBGS,2021-03-04,112.7037,Trade Weighted US Dollar Index (Daily)
DTWEXBGS,2021-03-05,113.7487,Trade Weighted US Dollar Index (Daily)
DTWEXBGS,2021-03-08,114.2678,Trade Weighted US Dollar Index (Daily)
DTWEXBGS,2021-03-09,113.928,Trade Weighted US Dollar Index (Daily)
DTWEXBGS,2021-03-10,113.5881,Trade Weighted US Dollar Index (Daily)
DTWEXBGS,2021-03-11,112.9214,Trade Weighted US Dollar Index (Daily)
DTWEXBGS,2021-03-12,113.0269,Trade Weighted US Dollar Index (Daily)
DTWEXBGS,2021-03-15,113.1928,Trade Weighted US Dollar Index (Daily)
DTWEXBGS,2021-03-16,112.9839,Trade Weighted US Dollar Index (Daily)
DTWEXBGS,2021-03-17,113.1589,Trade Weighted US Dollar Index (Daily)
DTWEXBGS,2021-03-18,112.7744,Trade Weighted US Dollar Index (Daily)
DTWEXBGS,2021-03-19,112.9756,Trade Weighted US Dollar Index (Daily)
DTWEXBGS,2021-03-22,113.0023,Trade Weighted US Dollar Index (Daily)
DTWEXBGS,2021-03-23,113.2916,Trade Weighted US Dollar Index (Daily)
DTWEXBGS,2021-03-24,113.6565,Trade Weighted US Dollar Index (Daily)
DTWEXBGS,2021-03-25,114.0016,Trade Weighted US Dollar Index (Daily)
DTWEXBGS,2021-03-26,113.7406,Trade Weighted US Dollar Index (Daily)
DTWEXBGS,2021-03-29,113.9314,Trade Weighted US Dollar Index (Daily)
DTWEXBGS,2021-03-30,114.203,Trade Weighted US Dollar Index (Daily)
DTWEXBGS,2021-03-31,113.8234,Trade Weighted US Dollar Index (Daily)
DTWEXBGS,2021-04-01,113.7389,Trade Weighted US Dollar Index (Daily)
DTWEXBGS,2021-04-02,113.7315,Trade Weighted US Dollar Index (Daily)
DTWEXBGS,2021-04-05,113.394,Trade Weighted US Dollar Index (Daily)
DTWEXBGS,2021-04-06,113.1464,Trade Weighted US Dollar Index (Daily)
DTWEXBGS,2021-04-07,113.2436,Trade Weighted US Dollar Index (Daily)
DTWEXBGS,2021-04-08,113.0917,Trade Weighted US Dollar Index (Daily)
DTWEXBGS,2021-04-09,113.2028,Trade Weighted US Dollar Index (Daily)
DTWEXBGS,2021-04-12,113.1815,Trade Weighted US Dollar Index (Daily)
DTWEXBGS,2021-04-13,113.0391,Trade Weighted US Dollar Index (Daily)
DTWEXBGS,2021-04-14,112.7849,Trade Weighted US Dollar Index (Daily)
DTWEXBGS,2021-04-15,112.6181,Trade Weighted US Dollar Index (Daily)
DTWEXBGS,2021-04-16,112.4814,Trade Weighted US Dollar Index (Daily)
DTWEXBGS,2021-04-19,112.1835,Trade Weighted US Dollar Index (Daily)
DTWEXBGS,2021-04-20,112.2354,Trade Weighted US Dollar Index (Daily)
DTWEXBGS,2021-04-21,112.1771,Trade Weighted US Dollar Index (Daily)
DTWEXBGS,2021-04-22,112.2297,Trade Weighted US Dollar Index (Daily)
DTWEXBGS,2021-04-23,112.0889,Trade Weighted US Dollar Index (Daily)
DTWEXBGS,2021-04-26,111.8109,Trade Weighted US Dollar Index (Daily)
DTWEXBGS,2021-04-27,111.9097,Trade Weighted US Dollar Index (Daily)
DTWEXBGS,2021-04-28,111.7909,Trade Weighted US Dollar Index (Daily)
DTWEXBGS,2021-04-29,111.7464,Trade Weighted US Dollar Index (Daily)
DTWEXBGS,2021-04-30,112.0839,Trade Weighted US Dollar Index (Daily)
DTWEXBGS,2021-05-03,112.005,Trade Weighted US Dollar Index (Daily)
DTWEXBGS,2021-05-04,112.2896,Trade Weighted US Dollar Index (Daily)
DTWEXBGS,2021-05-05,112.1514,Trade Weighted US Dollar Index (Daily)
DTWEXBGS,2021-05-06,111.8401,Trade Weighted US Dollar Index (Daily)
DTWEXBGS,2021-05-07,111.0249,Trade Weighted US Dollar Index (Daily)
DTWEXBGS,2021-05-10,110.7905,Trade Weighted US Dollar Index (Daily)
DTWEXBGS,2021-05-11,110.8921,Trade Weighted US Dollar Index (Daily)
DTWEXBGS,2021-05-12,111.5636,Trade Weighted US Dollar Index (Daily)
DTWEXBGS,2021-05-13,111.5955,Trade Weighted US Dollar Index (Daily)
DTWEXBGS,2021-05-14,111.1353,Trade Weighted US Dollar Index (Daily)
DTWEXBGS,2021-05-17,111.079,Trade Weighted US Dollar Index (Daily)
DTWEXBGS,2021-05-18,110.8317,Trade Weighted US Dollar Index (Daily)
DTWEXBGS,2021-05-19,110.8807,Trade Weighted US Dollar Index (Daily)
DTWEXBGS,2021-05-20,110.8605,Trade Weighted US Dollar Index (Daily)
DTWEXBGS,2021-05-21,111.0576,Trade Weighted US Dollar Index (Daily)
DTWEXBGS,2021-05-24,110.9118,Trade Weighted US Dollar Index (Daily)
DTWEXBGS,2021-05-25,110.842,Trade Weighted US Dollar Index (Daily)
DTWEXBGS,2021-05-26,110.8677,Trade Weighted US Dollar Index (Daily)
DTWEXBGS,2021-05-27,110.8688,Trade Weighted US Dollar Index (Daily)
DTWEXBGS,2021-05-28,110.7576,Trade Weighted US Dollar Index (Daily)
DTWEXBGS,2021-06-01,110.5046,Trade Weighted US Dollar Index (Daily)
DTWEXBGS,2021-06-02,110.5799,Trade Weighted US Dollar Index (Daily)
DTWEXBGS,2021-06-03,111.1782,Trade Weighted US Dollar Index (Daily)
DTWEXBGS,2021-06-04,110.7521,Trade Weighted US Dollar Index (Daily)
DTWEXBGS,2021-06-07,110.5155,Trade Weighted US Dollar Index (Daily)
DTWEXBGS,2021-06-08,110.649,Trade Weighted US Dollar Index (Daily)
DTWEXBGS,2021-06-09,110.5707,Trade Weighted US Dollar Index (Daily)
DTWEXBGS,2021-06-10,110.5456,Trade Weighted US Dollar Index (Daily)
DTWEXBGS,2021-06-11,111.0933,Trade Weighted US Dollar Index (Daily)
DTWEXBGS,2021-06-14,110.9659,Trade Weighted US Dollar Index (Daily)
DTWEXBGS,2021-06-15,111.3507,Trade Weighted US Dollar Index (Daily)
DTWEXBGS,2021-06-16,111.1165,Trade Weighted US Dollar Index (Daily)
DTWEXBGS,2021-06-17,112.5772,Trade Weighted US Dollar Index (Daily)
DTWEXBGS,2021-06-18,113.0408,Trade Weighted US Dollar Index (Daily)
DTWEXBGS,2021-06-21,112.8391,Trade Weighted US Dollar Index (Daily)
DTWEXBGS,2021-06-22,112.9174,Trade Weighted US Dollar Index (Daily)
DTWEXBGS,2021-06-23,112.3819,Trade Weighted US Dollar Index (Daily)
DTWEXBGS,2021-06-24,112.326,Trade Weighted US Dollar Index (Daily)
DTWEXBGS,2021-06-25,111.9655,Trade Weighted US Dollar Index (Daily)
DTWEXBGS,2021-06-28,112.0248,Trade Weighted US Dollar Index (Daily)
DTWEXBGS,2021-06-29,112.2613,Trade Weighted US Dollar Index (Daily)
DTWEXBGS,2021-06-30,112.5533,Trade Weighted US Dollar Index (Daily)
DTWEXBGS,2021-07-01,112.74,Trade Weighted US Dollar Index (Daily)
DTWEXBGS,2021-07-02,112.5425,Trade Weighted US Dollar Index (Daily)
DTWEXBGS,2021-07-06,112.9516,Trade Weighted US Dollar Index (Daily)
DTWEXBGS,2021-07-07,113.1048,Trade Weighted US Dollar Index (Daily)
DTWEXBGS,2021-07-08,113.0776,Trade Weighted US Dollar Index (Daily)
DTWEXBGS,2021-07-09,112.8375,Trade Weighted US Dollar Index (Daily)
DTWEXBGS,2021-07-12,112.7611,Trade Weighted US Dollar Index (Daily)
DTWEXBGS,2021-07-13,113.0063,Trade Weighted US Dollar Index (Daily)
DTWEXBGS,2021-07-14,112.8801,Trade Weighted US Dollar Index (Daily)
DTWEXBGS,2021-07-15,113.0041,Trade Weighted US Dollar Index (Daily)
DTWEXBGS,2021-07-16,113.0428,Trade Weighted US Dollar Index (Daily)
DTWEXBGS,2021-07-19,113.5472,Trade Weighted US Dollar Index (Daily)
DTWEXBGS,2021-07-20,113.7502,Trade Weighted US Dollar Index (Daily)
DTWEXBGS,2021-07-21,113.3926,Trade Weighted US Dollar Index (Daily)
DTWEXBGS,2021-07-22,113.4695,Trade Weighted US Dollar Index (Daily)
DTWEXBGS,2021-07-23,113.4398,Trade Weighted US Dollar Index (Daily)
DTWEXBGS,2021-07-26,113.2238,Trade Weighted US Dollar Index (Daily)
DTWEXBGS,2021-07-27,113.2227,Trade Weighted US Dollar Index (Daily)
DTWEXBGS,2021-07-28,113.1807,Trade Weighted US Dollar Index (Daily)
DTWEXBGS,2021-07-29,112.4834,Trade Weighted US Dollar Index (Daily)
DTWEXBGS,2021-07-30,112.6714,Trade Weighted US Dollar Index (Daily)
DTWEXBGS,2021-08-02,112.6691,Trade Weighted US Dollar Index (Daily)
DTWEXBGS,2021-08-03,112.8228,Trade Weighted US Dollar Index (Daily)
DTWEXBGS,2021-08-04,112.8953,Trade Weighted US Dollar Index (Daily)
DTWEXBGS,2021-08-05,112.7674,Trade Weighted US Dollar Index (Daily)
DTWEXBGS,2021-08-06,113.3088,Trade Weighted US Dollar Index (Daily)
DTWEXBGS,2021-08-09,113.4521,Trade Weighted US Dollar Index (Daily)
DTWEXBGS,2021-08-10,113.4973,Trade Weighted US Dollar Index (Daily)
DTWEXBGS,2021-08-11,113.282,Trade Weighted US Dollar Index (Daily)
DTWEXBGS,2021-08-12,113.2691,Trade Weighted US Dollar Index (Daily)
DTWEXBGS,2021-08-13,113.0615,Trade Weighted US Dollar Index (Daily)
DTWEXBGS,2021-08-16,113.1698,Trade Weighted US Dollar Index (Daily)
DTWEXBGS,2021-08-17,113.6174,Trade Weighted US Dollar Index (Daily)
DTWEXBGS,2021-08-18,113.6959,Trade Weighted US Dollar Index (Daily)
DTWEXBGS,2021-08-19,114.1106,Trade Weighted US Dollar Index (Daily)
DTWEXBGS,2021-08-20,114.5009,Trade Weighted US Dollar Index (Daily)
DTWEXBGS,2021-08-23,113.9418,Trade Weighted US Dollar Index (Daily)
DTWEXBGS,2021-08-24,113.6795,Trade Weighted US Dollar Index (Daily)
DTWEXBGS,2021-08-25,113.6322,Trade Weighted US Dollar Index (Daily)
DTWEXBGS,2021-08-26,113.7883,Trade Weighted US Dollar Index (Daily)
DTWEXBGS,2021-08-27,113.3404,Trade Weighted US Dollar Index (Daily)
DTWEXBGS,2021-08-30,113.246,Trade Weighted US Dollar Index (Daily)
DTWEXBGS,2021-08-31,113.1076,Trade Weighted US Dollar Index (Daily)
DTWEXBGS,2021-09-01,112.8732,Trade Weighted US Dollar Index (Daily)
DTWEXBGS,2021-09-02,112.7863,Trade Weighted US Dollar Index (Daily)
DTWEXBGS,2021-09-03,112.5476,Trade Weighted US Dollar Index (Daily)
DTWEXBGS,2021-09-07,112.9795,Trade Weighted US Dollar Index (Daily)
DTWEXBGS,2021-09-08,113.2319,Trade Weighted US Dollar Index (Daily)
DTWEXBGS,2021-09-09,113.043,Trade Weighted US Dollar Index (Daily)
DTWEXBGS,2021-09-10,112.9425,Trade Weighted US Dollar Index (Daily)
DTWEXBGS,2021-09-13,113.0341,Trade Weighted US Dollar Index (Daily)
DTWEXBGS,2021-09-14,113.0061,Trade Weighted US Dollar Index (Daily)
DTWEXBGS,2021-09-15,112.9773,Trade Weighted US Dollar Index (Daily)
DTWEXBGS,2021-09-16,113.3036,Trade Weighted US Dollar Index (Daily)
DTWEXBGS,2021-09-17,113.5989,Trade Weighted US Dollar Index (Daily)
DTWEXBGS,2021-09-20,113.9422,Trade Weighted US Dollar Index (Daily)
DTWEXBGS,2021-09-21,113.8179,Trade Weighted US Dollar Index (Daily)
DTWEXBGS,2021-09-22,113.6223,Trade Weighted US Dollar Index (Daily)
DTWEXBGS,2021-09-23,113.513,Trade Weighted US Dollar Index (Daily)
DTWEXBGS,2021-09-24,113.7597,Trade Weighted US Dollar Index (Daily)
DTWEXBGS,2021-09-27,113.7432,Trade Weighted US Dollar Index (Daily)
DTWEXBGS,2021-09-28,114.2469,Trade Weighted US Dollar Index (Daily)
DTWEXBGS,2021-09-29,114.7092,Trade Weighted US Dollar Index (Daily)
DTWEXBGS,2021-09-30,114.6403,Trade Weighted US Dollar Index (Daily)
DTWEXBGS,2021-10-01,114.3798,Trade Weighted US Dollar Index (Daily)
DTWEXBGS,2021-10-04,114.2739,Trade Weighted US Dollar Index (Daily)
DTWEXBGS,2021-10-05,114.3654,Trade Weighted US Dollar Index (Daily)
DTWEXBGS,2021-10-06,114.7185,Trade Weighted US Dollar Index (Daily)
DTWEXBGS,2021-10-07,114.5044,Trade Weighted US Dollar Index (Daily)
DTWEXBGS,2021-10-08,114.5986,Trade Weighted US Dollar Index (Daily)
DTWEXBGS,2021-10-12,114.7542,Trade Weighted US Dollar Index (Daily)
DTWEXBGS,2021-10-13,114.4705,Trade Weighted US Dollar Index (Daily)
DTWEXBGS,2021-10-14,114.2053,Trade Weighted US Dollar Index (Daily)
DTWEXBGS,2021-10-15,114.0905,Trade Weighted US Dollar Index (Daily)
DTWEXBGS,2021-10-18,113.9899,Trade Weighted US Dollar Index (Daily)
DTWEXBGS,2021-10-19,113.647,Trade Weighted US Dollar Index (Daily)
DTWEXBGS,2021-10-20,113.5083,Trade Weighted US Dollar Index (Daily)
DTWEXBGS,2021-10-21,113.6188,Trade Weighted US Dollar Index (Daily)
DTWEXBGS,2021-10-22,113.67,Trade Weighted US Dollar Index (Daily)
DTWEXBGS,2021-10-25,113.605,Trade Weighted US Dollar Index (Daily)
DTWEXBGS,2021-10-26,113.674,Trade Weighted US Dollar Index (Daily)
DTWEXBGS,2021-10-27,113.6218,Trade Weighted US Dollar Index (Daily)
DTWEXBGS,2021-10-28,113.4389,Trade Weighted US Dollar Index (Daily)
DTWEXBGS,2021-10-29,114.1349,Trade Weighted US Dollar Index (Daily)
DTWEXBGS,2021-11-01,114.2067,Trade Weighted US Dollar Index (Daily)
DTWEXBGS,2021-11-02,114.2847,Trade Weighted US Dollar Index (Daily)
DTWEXBGS,2021-11-03,114.3593,Trade Weighted US Dollar Index (Daily)
DTWEXBGS,2021-11-04,114.3558,Trade Weighted US Dollar Index (Daily)
DTWEXBGS,2021-11-05,114.0732,Trade Weighted US Dollar Index (Daily)
DTWEXBGS,2021-11-08,113.8256,Trade Weighted US Dollar Index (Daily)
DTWEXBGS,2021-11-09,113.762,Trade Weighted US Dollar Index (Daily)
DTWEXBGS,2021-11-10,114.1484,Trade Weighted US Dollar Index (Daily)
DTWEXBGS,2021-11-12,114.5144,Trade Weighted US Dollar Index (Daily)
DTWEXBGS,2021-11-15,114.5876,Trade Weighted US Dollar Index (Daily)
DTWEXBGS,2021-11-16,115.136,Trade Weighted US Dollar Index (Daily)
DTWEXBGS,2021-11-17,115.0263,Trade Weighted US Dollar Index (Daily)
DTWEXBGS,2021-11-18,115.0678,Trade Weighted US Dollar Index (Daily)
DTWEXBGS,2021-11-19,115.2187,Trade Weighted US Dollar Index (Daily)
DTWEXBGS,2021-11-22,115.6481,Trade Weighted US Dollar Index (Daily)
DTWEXBGS,2021-11-23,116.0118,Trade Weighted US Dollar Index (Daily)
DTWEXBGS,2021-11-24,116.2711,Trade Weighted US Dollar Index (Daily)
DTWEXBGS,2021-11-26,116.5103,Trade Weighted US Dollar Index (Daily)
DTWEXBGS,2021-11-29,116.581,Trade Weighted US Dollar Index (Daily)
DTWEXBGS,2021-11-30,116.2071,Trade Weighted US Dollar Index (Daily)
DTWEXBGS,2021-12-01,115.889,Trade Weighted US Dollar Index (Daily)
DTWEXBGS,2021-12-02,116.018,Trade Weighted US Dollar Index (Daily)
DTWEXBGS,2021-12-03,116.2377,Trade Weighted US Dollar Index (Daily)
DTWEXBGS,2021-12-06,116.1538,Trade Weighted US Dollar Index (Daily)
DTWEXBGS,2021-12-07,115.8555,Trade Weighted US Dollar Index (Daily)
DTWEXBGS,2021-12-08,115.4418,Trade Weighted US Dollar Index (Daily)
DTWEXBGS,2021-12-09,115.7784,Trade Weighted US Dollar Index (Daily)
DTWEXBGS,2021-12-10,115.5732,Trade Weighted US Dollar Index (Daily)
DTWEXBGS,2021-12-13,115.842,Trade Weighted US Dollar Index (Daily)
DTWEXBGS,2021-12-14,116.2397,Trade Weighted US Dollar Index (Daily)
DTWEXBGS,2021-12-15,116.4219,Trade Weighted US Dollar Index (Daily)
DTWEXBGS,2021-12-16,115.7146,Trade Weighted US Dollar Index (Daily)
DTWEXBGS,2021-12-17,115.791,Trade Weighted US Dollar Index (Daily)
DTWEXBGS,2021-12-20,116.0092,Trade Weighted US Dollar Index (Daily)
DTWEXBGS,2021-12-21,116.1089,Trade Weighted US Dollar Index (Daily)
DTWEXBGS,2021-12-22,115.7485,Trade Weighted US Dollar Index (Daily)
DTWEXBGS,2021-12-23,115.5337,Trade Weighted US Dollar Index (Daily)
DTWEXBGS,2021-12-27,115.4684,Trade Weighted US Dollar Index (Daily)
DTWEXBGS,2021-12-28,115.4192,Trade Weighted US Dollar Index (Daily)
DTWEXBGS,2021-12-29,115.3678,Trade Weighted US Dollar Index (Daily)
DTWEXBGS,2021-12-30,115.283,Trade Weighted US Dollar Index (Daily)
DTWEXBGS,2022-01-03,115.4101,Trade Weighted US Dollar Index (Daily)
DTWEXBGS,2022-01-04,115.3103,Trade Weighted US Dollar Index (Daily)
DTWEXBGS,2022-01-05,115.137,Trade Weighted US Dollar Index (Daily)
DTWEXBGS,2022-01-06,115.4046,Trade Weighted US Dollar Index (Daily)
DTWEXBGS,2022-01-07,115.0451,Trade Weighted US Dollar Index (Daily)
DTWEXBGS,2022-01-10,115.2216,Trade Weighted US Dollar Index (Daily)
DTWEXBGS,2022-01-11,114.8332,Trade Weighted US Dollar Index (Daily)
DTWEXBGS,2022-01-12,114.355,Trade Weighted US Dollar Index (Daily)
DTWEXBGS,2022-01-13,114.177,Trade Weighted US Dollar Index (Daily)
DTWEXBGS,2022-01-14,114.3825,Trade Weighted US Dollar Index (Daily)
DTWEXBGS,2022-01-18,114.7373,Trade Weighted US Dollar Index (Daily)
DTWEXBGS,2022-01-19,114.6109,Trade Weighted US Dollar Index (Daily)
DTWEXBGS,2022-01-20,114.4642,Trade Weighted US Dollar Index (Daily)
DTWEXBGS,2022-01-21,114.6125,Trade Weighted US Dollar Index (Daily)
DTWEXBGS,2022-01-24,115.2034,Trade Weighted US Dollar Index (Daily)
DTWEXBGS,2022-01-25,115.1654,Trade Weighted US Dollar Index (Daily)
DTWEXBGS,2022-01-26,115.0922,Trade Weighted US Dollar Index (Daily)
DTWEXBGS,2022-01-27,115.978,Trade Weighted US Dollar Index (Daily)
DTWEXBGS,2022-01-28,116.0393,Trade Weighted US Dollar Index (Daily)
DTWEXBGS,2022-01-31,115.566,Trade Weighted US Dollar Index (Daily)
DTWEXBGS,2022-02-01,115.3685,Trade Weighted US Dollar Index (Daily)
DTWEXBGS,2022-02-02,115.1538,Trade Weighted US Dollar Index (Daily)
DTWEXBGS,2022-02-03,114.9065,Trade Weighted US Dollar Index (Daily)
DTWEXBGS,2022-02-04,115.1362,Trade Weighted US Dollar Index (Daily)
DTWEXBGS,2022-02-07,115.0098,Trade Weighted US Dollar Index (Daily)
DTWEXBGS,2022-02-08,115.0892,Trade Weighted US Dollar Index (Daily)
DTWEXBGS,2022-02-09,114.8232,Trade Weighted US Dollar Index (Daily)
DTWEXBGS,2022-02-10,114.5527,Trade Weighted US Dollar Index (Daily)
DTWEXBGS,2022-02-11,114.8413,Trade Weighted US Dollar Index (Daily)
DTWEXBGS,2022-02-14,115.1946,Trade Weighted US Dollar Index (Daily)
DTWEXBGS,2022-02-15,114.93,Trade Weighted US Dollar Index (Daily)
DTWEXBGS,2022-02-16,114.6886,Trade Weighted US Dollar Index (Daily)
DTWEXBGS,2022-02-17,114.6755,Trade Weighted US Dollar Index (Daily)
DTWEXBGS,2022-02-18,114.7982,Trade Weighted US Dollar Index (Daily)
DTWEXBGS,2022-02-22,114.7002,Trade Weighted US Dollar Index (Daily)
DTWEXBGS,2022-02-23,114.6668,Trade Weighted US Dollar Index (Daily)
DTWEXBGS,2022-02-24,115.9419,Trade Weighted US Dollar Index (Daily)
DTWEXBGS,2022-02-25,115.2577,Trade Weighted US Dollar Index (Daily)
DTWEXBGS,2022-02-28,115.2224,Trade Weighted US Dollar Index (Daily)
DTWEXBGS,2022-03-01,115.7962,Trade Weighted US Dollar Index (Daily)
DTWEXBGS,2022-03-02,115.7623,Trade Weighted US Dollar Index (Daily)
DTWEXBGS,2022-03-03,115.9495,Trade Weighted US Dollar Index (Daily)
DTWEXBGS,2022-03-04,116.6503,Trade Weighted US Dollar Index (Daily)
DTWEXBGS,2022-03-07,117.3278,Trade Weighted US Dollar Index (Daily)
DTWEXBGS,2022-03-08,117.6176,Trade Weighted US Dollar Index (Daily)
DTWEXBGS,2022-03-09,116.5961,Trade Weighted US Dollar Index (Daily)
DTWEXBGS,2022-03-10,116.7401,Trade Weighted US Dollar Index (Daily)
DTWEXBGS,2022-03-11,117.0192,Trade Weighted US Dollar Index (Daily)
DTWEXBGS,2022-03-14,117.1506,Trade Weighted US Dollar Index (Daily)
DTWEXBGS,2022-03-15,117.246,Trade Weighted US Dollar Index (Daily)
DTWEXBGS,2022-03-16,116.8073,Trade Weighted US Dollar Index (Daily)
DTWEXBGS,2022-03-17,116.0467,Trade Weighted US Dollar Index (Daily)
DTWEXBGS,2022-03-18,116.1378,Trade Weighted US Dollar Index (Daily)
DTWEXBGS,2022-03-21,115.9398,Trade Weighted US Dollar Index (Daily)
DTWEXBGS,2022-03-22,116.0824,Trade Weighted US Dollar Index (Daily)
DTWEXBGS,2022-03-23,116.005,Trade Weighted US Dollar Index (Daily)
DTWEXBGS,2022-03-24,115.9599,Trade Weighted US Dollar Index (Daily)
DTWEXBGS,2022-03-25,115.7921,Trade Weighted US Dollar Index (Daily)
DTWEXBGS,2022-03-28,116.1911,Trade Weighted US Dollar Index (Daily)
DTWEXBGS,2022-03-29,115.5679,Trade Weighted US Dollar Index (Daily)
DTWEXBGS,2022-03-30,115.0818,Trade Weighted US Dollar Index (Daily)
DTWEXBGS,2022-03-31,115.2218,Trade Weighted US Dollar Index (Daily)
DTWEXBGS,2022-04-01,115.4814,Trade Weighted US Dollar Index (Daily)
DTWEXBGS,2022-04-04,115.4112,Trade Weighted US Dollar Index (Daily)
DTWEXBGS,2022-04-05,115.73,Trade Weighted US Dollar Index (Daily)
DTWEXBGS,2022-04-06,115.9995,Trade Weighted US Dollar Index (Daily)
DTWEXBGS,2022-04-07,116.3512,Trade Weighted US Dollar Index (Daily)
DTWEXBGS,2022-04-08,116.4176,Trade Weighted US Dollar Index (Daily)
DTWEXBGS,2022-04-11,116.5401,Trade Weighted US Dollar Index (Daily)
DTWEXBGS,2022-04-12,116.3866,Trade Weighted US Dollar Index (Daily)
DTWEXBGS,2022-04-13,116.2796,Trade Weighted US Dollar Index (Daily)
DTWEXBGS,2022-04-14,116.7558,Trade Weighted US Dollar Index (Daily)
DTWEXBGS,2022-04-15,116.7017,Trade Weighted US Dollar Index (Daily)
DTWEXBGS,2022-04-18,116.8441,Trade Weighted US Dollar Index (Daily)
DTWEXBGS,2022-04-19,117.1324,Trade Weighted US Dollar Index (Daily)
DTWEXBGS,2022-04-20,116.7306,Trade Weighted US Dollar Index (Daily)
DTWEXBGS,2022-04-21,117.1432,Trade Weighted US Dollar Index (Daily)
DTWEXBGS,2022-04-22,118.0186,Trade Weighted US Dollar Index (Daily)
DTWEXBGS,2022-04-25,118.6271,Trade Weighted US Dollar Index (Daily)
DTWEXBGS,2022-04-26,118.9624,Trade Weighted US Dollar Index (Daily)
DTWEXBGS,2022-04-27,119.4708,Trade Weighted US Dollar Index (Daily)
DTWEXBGS,2022-04-28,120.0675,Trade Weighted US Dollar Index (Daily)
DTWEXBGS,2022-04-29,119.4933,Trade Weighted US Dollar Index (Daily)
DTWEXBGS,2022-05-02,119.8825,Trade Weighted US Dollar Index (Daily)
DTWEXBGS,2022-05-03,119.7043,Trade Weighted US Dollar Index (Daily)
DTWEXBGS,2022-05-04,119.5592,Trade Weighted US Dollar Index (Daily)
DTWEXBGS,2022-05-05,120.0068,Trade Weighted US Dollar Index (Daily)
DTWEXBGS,2022-05-06,119.8577,Trade Weighted US Dollar Index (Daily)
DTWEXBGS,2022-05-09,120.4972,Trade Weighted US Dollar Index (Daily)
DTWEXBGS,2022-05-10,120.7742,Trade Weighted US Dollar Index (Daily)
DTWEXBGS,2022-05-11,120.3925,Trade Weighted US Dollar Index (Daily)
DTWEXBGS,2022-05-12,121.2796,Trade Weighted US Dollar Index (Daily)
DTWEXBGS,2022-05-13,120.8442,Trade Weighted US Dollar Index (Daily)
DTWEXBGS,2022-05-16,120.6881,Trade Weighted US Dollar Index (Daily)
DTWEXBGS,2022-05-17,119.8871,Trade Weighted US Dollar Index (Daily)
DTWEXBGS,2022-05-18,120.0274,Trade Weighted US Dollar Index (Daily)
DTWEXBGS,2022-05-19,119.4278,Trade Weighted US Dollar Index (Daily)
DTWEXBGS,2022-05-20,119.3677,Trade Weighted US Dollar Index (Daily)
DTWEXBGS,2022-05-23,118.7169,Trade Weighted US Dollar Index (Daily)
DTWEXBGS,2022-05-24,118.6245,Trade Weighted US Dollar Index (Daily)
DTWEXBGS,2022-05-25,118.9598,Trade Weighted US Dollar Index (Daily)
DTWEXBGS,2022-05-26,118.7687,Trade Weighted US Dollar Index (Daily)
DTWEXBGS,2022-05-27,118.2834,Trade Weighted US Dollar Index (Daily)
DTWEXBGS,2022-05-31,118.0704,Trade Weighted US Dollar Index (Daily)
DTWEXBGS,2022-06-01,118.6954,Trade Weighted US Dollar Index (Daily)
DTWEXBGS,2022-06-02,118.0658,Trade Weighted US Dollar Index (Daily)
DTWEXBGS,2022-06-03,118.2153,Trade Weighted US Dollar Index (Daily)
DTWEXBGS,2022-06-06,118.3081,Trade Weighted US Dollar Index (Daily)
DTWEXBGS,2022-06-07,118.4414,Trade Weighted US Dollar Index (Daily)
DTWEXBGS,2022-06-08,118.3951,Trade Weighted US Dollar Index (Daily)
DTWEXBGS,2022-06-09,118.9226,Trade Weighted US Dollar Index (Daily)
DTWEXBGS,2022-06-10,119.9981,Trade Weighted US Dollar Index (Daily)
DTWEXBGS,2022-06-13,121.1523,Trade Weighted US Dollar Index (Daily)
DTWEXBGS,2022-06-14,121.6669,Trade Weighted US Dollar Index (Daily)
DTWEXBGS,2022-06-15,121.6403,Trade Weighted US Dollar Index (Daily)
DTWEXBGS,2022-06-16,120.6714,Trade Weighted US Dollar Index (Daily)
DTWEXBGS,2022-06-17,121.2369,Trade Weighted US Dollar Index (Daily)
DTWEXBGS,2022-06-21,120.6427,Trade Weighted US Dollar Index (Daily)
DTWEXBGS,2022-06-22,120.5197,Trade Weighted US Dollar Index (Daily)
DTWEXBGS,2022-06-23,120.7622,Trade Weighted US Dollar Index (Daily)
DTWEXBGS,2022-06-24,120.4853,Trade Weighted US Dollar Index (Daily)
DTWEXBGS,2022-06-27,120.1736,Trade Weighted US Dollar Index (Daily)
DTWEXBGS,2022-06-28,120.62,Trade Weighted US Dollar Index (Daily)
DTWEXBGS,2022-06-29,120.9616,Trade Weighted US Dollar Index (Daily)
DTWEXBGS,2022-06-30,120.9652,Trade Weighted US Dollar Index (Daily)
DTWEXBGS,2022-07-01,121.5058,Trade Weighted US Dollar Index (Daily)
DTWEXBGS,2022-07-05,122.6203,Trade Weighted US Dollar Index (Daily)
DTWEXBGS,2022-07-06,123.0073,Trade Weighted US Dollar Index (Daily)
DTWEXBGS,2022-07-07,122.7257,Trade Weighted US Dollar Index (Daily)
DTWEXBGS,2022-07-08,122.4662,Trade Weighted US Dollar Index (Daily)
DTWEXBGS,2022-07-11,123.2974,Trade Weighted US Dollar Index (Daily)
DTWEXBGS,2022-07-12,123.4524,Trade Weighted US Dollar Index (Daily)
DTWEXBGS,2022-07-13,123.2834,Trade Weighted US Dollar Index (Daily)
DTWEXBGS,2022-07-14,124.0622,Trade Weighted US Dollar Index (Daily)
DTWEXBGS,2022-07-15,123.4765,Trade Weighted US Dollar Index (Daily)
DTWEXBGS,2022-07-18,122.7727,Trade Weighted US Dollar Index (Daily)
DTWEXBGS,2022-07-19,122.4819,Trade Weighted US Dollar Index (Daily)
DTWEXBGS,2022-07-20,122.5997,Trade Weighted US Dollar Index (Daily)
DTWEXBGS,2022-07-21,122.9032,Trade Weighted US Dollar Index (Daily)
DTWEXBGS,2022-07-22,122.451,Trade Weighted US Dollar Index (Daily)
DTWEXBGS,2022-07-25,122.4594,Trade Weighted US Dollar Index (Daily)
DTWEXBGS,2022-07-26,122.7581,Trade Weighted US Dollar Index (Daily)
DTWEXBGS,2022-07-27,122.8169,Trade Weighted US Dollar Index (Daily)
DTWEXBGS,2022-07-28,122.1161,Trade Weighted US Dollar Index (Daily)
DTWEXBGS,2022-07-29,121.7678,Trade Weighted US Dollar Index (Daily)
DTWEXBGS,2022-08-01,121.4109,Trade Weighted US Dollar Index (Daily)
DTWEXBGS,2022-08-02,121.9486,Trade Weighted US Dollar Index (Daily)
DTWEXBGS,2022-08-03,122.3888,Trade Weighted US Dollar Index (Daily)
DTWEXBGS,2022-08-04,121.8333,Trade Weighted US Dollar Index (Daily)
DTWEXBGS,2022-08-05,122.321,Trade Weighted US Dollar Index (Daily)
DTWEXBGS,2022-08-08,121.8783,Trade Weighted US Dollar Index (Daily)
DTWEXBGS,2022-08-09,121.8614,Trade Weighted US Dollar Index (Daily)
DTWEXBGS,2022-08-10,120.7543,Trade Weighted US Dollar Index (Daily)
DTWEXBGS,2022-08-11,120.7163,Trade Weighted US Dollar Index (Daily)
DTWEXBGS,2022-08-12,121.018,Trade Weighted US Dollar Index (Daily)
DTWEXBGS,2022-08-15,121.4315,Trade Weighted US Dollar Index (Daily)
DTWEXBGS,2022-08-16,121.6807,Trade Weighted US Dollar Index (Daily)
DTWEXBGS,2022-08-17,122.0711,Trade Weighted US Dollar Index (Daily)
DTWEXBGS,2022-08-18,122.3627,Trade Weighted US Dollar Index (Daily)
DTWEXBGS,2022-08-19,123.0501,Trade Weighted US Dollar Index (Daily)
DTWEXBGS,2022-08-22,123.605,Trade Weighted US Dollar Index (Daily)
DTWEXBGS,2022-08-23,123.0547,Trade Weighted US Dollar Index (Daily)
DTWEXBGS,2022-08-24,123.109,Trade Weighted US Dollar Index (Daily)
DTWEXBGS,2022-08-25,123.0586,Trade Weighted US Dollar Index (Daily)
DTWEXBGS,2022-08-26,123.0656,Trade Weighted US Dollar Index (Daily)
DTWEXBGS,2022-08-29,123.4686,Trade Weighted US Dollar Index (Daily)
DTWEXBGS,2022-08-30,123.6848,Trade Weighted US Dollar Index (Daily)
DTWEXBGS,2022-08-31,123.535,Trade Weighted US Dollar Index (Daily)
DTWEXBGS,2022-09-01,124.4006,Trade Weighted US Dollar Index (Daily)
DTWEXBGS,2022-09-02,123.7743,Trade Weighted US Dollar Index (Daily)
DTWEXBGS,2022-09-06,124.767,Trade Weighted US Dollar Index (Daily)
DTWEXBGS,2022-09-07,124.8408,Trade Weighted US Dollar Index (Daily)
DTWEXBGS,2022-09-08,124.578,Trade Weighted US Dollar Index (Daily)
DTWEXBGS,2022-09-09,123.7874,Trade Weighted US Dollar Index (Daily)
DTWEXBGS,2022-09-12,123.3332,Trade Weighted US Dollar Index (Daily)
DTWEXBGS,2022-09-13,124.4242,Trade Weighted US Dollar Index (Daily)
DTWEXBGS,2022-09-14,124.4509,Trade Weighted US Dollar Index (Daily)
DTWEXBGS,2022-09-15,124.8843,Trade Weighted US Dollar Index (Daily)
DTWEXBGS,2022-09-16,124.8794,Trade Weighted US Dollar Index (Daily)
DTWEXBGS,2022-09-19,125.0104,Trade Weighted US Dollar Index (Daily)
DTWEXBGS,2022-09-20,125.1248,Trade Weighted US Dollar Index (Daily)
DTWEXBGS,2022-09-21,125.7399,Trade Weighted US Dollar Index (Daily)
DTWEXBGS,2022-09-22,126.1667,Trade Weighted US Dollar Index (Daily)
DTWEXBGS,2022-09-23,127.2853,Trade Weighted US Dollar Index (Daily)
DTWEXBGS,2022-09-26,128.4539,Trade Weighted US Dollar Index (Daily)
DTWEXBGS,2022-09-27,128.4386,Trade Weighted US Dollar Index (Daily)
DTWEXBGS,2022-09-28,128.0884,Trade Weighted US Dollar Index (Daily)
DTWEXBGS,2022-09-29,127.5437,Trade Weighted US Dollar Index (Daily)
DTWEXBGS,2022-09-30,127.5148,Trade Weighted US Dollar Index (Daily)
DTWEXBGS,2022-10-03,127.0813,Trade Weighted US Dollar Index (Daily)
DTWEXBGS,2022-10-04,126.1819,Trade Weighted US Dollar Index (Daily)
DTWEXBGS,2022-10-05,126.8616,Trade Weighted US Dollar Index (Daily)
DTWEXBGS,2022-10-06,127.2493,Trade Weighted US Dollar Index (Daily)
DTWEXBGS,2022-10-07,127.3111,Trade Weighted US Dollar Index (Daily)
DTWEXBGS,2022-10-11,127.6641,Trade Weighted US Dollar Index (Daily)
DTWEXBGS,2022-10-12,128.1481,Trade Weighted US Dollar Index (Daily)
DTWEXBGS,2022-10-13,127.7286,Trade Weighted US Dollar Index (Daily)
DTWEXBGS,2022-10-14,128.3325,Trade Weighted US Dollar Index (Daily)
DTWEXBGS,2022-10-17,127.6448,Trade Weighted US Dollar Index (Daily)
DTWEXBGS,2022-10-18,127.9153,Trade Weighted US Dollar Index (Daily)
DTWEXBGS,2022-10-19,128.3968,Trade Weighted US Dollar Index (Daily)
DTWEXBGS,2022-10-20,128.0052,Trade Weighted US Dollar Index (Daily)
DTWEXBGS,2022-10-21,127.6735,Trade Weighted US Dollar Index (Daily)
DTWEXBGS,2022-10-24,128.0304,Trade Weighted US Dollar Index (Daily)
DTWEXBGS,2022-10-25,127.3771,Trade Weighted US Dollar Index (Daily)
DTWEXBGS,2022-10-26,126.4723,Trade Weighted US Dollar Index (Daily)
DTWEXBGS,2022-10-27,126.7028,Trade Weighted US Dollar Index (Daily)
DTWEXBGS,2022-10-28,127.2135,Trade Weighted US Dollar Index (Daily)
DTWEXBGS,2022-10-31,127.6219,Trade Weighted US Dollar Index (Daily)
DTWEXBGS,2022-11-01,127.3987,Trade Weighted US Dollar Index (Daily)
DTWEXBGS,2022-11-02,127.3115,Trade Weighted US Dollar Index (Daily)
DTWEXBGS,2022-11-03,128.1743,Trade Weighted US Dollar Index (Daily)
DTWEXBGS,2022-11-04,127.1468,Trade Weighted US Dollar Index (Daily)
DTWEXBGS,2022-11-07,126.3062,Trade Weighted US Dollar Index (Daily)
DTWEXBGS,2022-11-08,125.633,Trade Weighted US Dollar Index (Daily)
DTWEXBGS,2022-11-09,125.9861,Trade Weighted US Dollar Index (Daily)
DTWEXBGS,2022-11-10,124.7044,Trade Weighted US Dollar Index (Daily)
DTWEXBGS,2022-11-14,123.4277,Trade Weighted US Dollar Index (Daily)
DTWEXBGS,2022-11-15,123.039,Trade Weighted US Dollar Index (Daily)
DTWEXBGS,2022-11-16,123.2817,Trade Weighted US Dollar Index (Daily)
DTWEXBGS,2022-11-17,123.977,Trade Weighted US Dollar Index (Daily)
DTWEXBGS,2022-11-18,123.8524,Trade Weighted US Dollar Index (Daily)
DTWEXBGS,2022-11-21,124.7009,Trade Weighted US Dollar Index (Daily)
DTWEXBGS,2022-11-22,124.2365,Trade Weighted US Dollar Index (Daily)
DTWEXBGS,2022-11-23,123.7574,Trade Weighted US Dollar Index (Daily)
DTWEXBGS,2022-11-25,123.3386,Trade Weighted US Dollar Index (Daily)
DTWEXBGS,2022-11-28,123.6032,Trade Weighted US Dollar Index (Daily)
DTWEXBGS,2022-11-29,123.6615,Trade Weighted US Dollar Index (Daily)
DTWEXBGS,2022-11-30,123.5175,Trade Weighted US Dollar Index (Daily)
DTWEXBGS,2022-12-01,122.0045,Trade Weighted US Dollar Index (Daily)
DTWEXBGS,2022-12-02,122.0102,Trade Weighted US Dollar Index (Daily)
DTWEXBGS,2022-12-05,122.6384,Trade Weighted US Dollar Index (Daily)
DTWEXBGS,2022-12-06,123.0191,Trade Weighted US Dollar Index (Daily)
DTWEXBGS,2022-12-07,122.7608,Trade Weighted US Dollar Index (Daily)
DTWEXBGS,2022-12-08,122.4152,Trade Weighted US Dollar Index (Daily)
DTWEXBGS,2022-12-09,122.4201,Trade Weighted US Dollar Index (Daily)
DTWEXBGS,2022-12-12,122.7714,Trade Weighted US Dollar Index (Daily)
DTWEXBGS,2022-12-13,121.8493,Trade Weighted US Dollar Index (Daily)
DTWEXBGS,2022-12-14,121.8226,Trade Weighted US Dollar Index (Daily)
DTWEXBGS,2022-12-15,122.5519,Trade Weighted US Dollar Index (Daily)
DTWEXBGS,2022-12-16,122.6505,Trade Weighted US Dollar Index (Daily)
DTWEXBGS,2022-12-19,122.5275,Trade Weighted US Dollar Index (Daily)
DTWEXBGS,2022-12-20,122.1357,Trade Weighted US Dollar Index (Daily)
DTWEXBGS,2022-12-21,122.2828,Trade Weighted US Dollar Index (Daily)
DTWEXBGS,2022-12-22,122.2419,Trade Weighted US Dollar Index (Daily)
DTWEXBGS,2022-12-23,121.9743,Trade Weighted US Dollar Index (Daily)
DTWEXBGS,2022-12-27,121.7539,Trade Weighted US Dollar Index (Daily)
DTWEXBGS,2022-12-28,122.0075,Trade Weighted US Dollar Index (Daily)
DTWEXBGS,2022-12-29,121.6577,Trade Weighted US Dollar Index (Daily)
DTWEXBGS,2022-12-30,121.4256,Trade Weighted US Dollar Index (Daily)
DTWEXBGS,2023-01-03,122.0905,Trade Weighted US Dollar Index (Daily)
DTWEXBGS,2023-01-04,121.5008,Trade Weighted US Dollar Index (Daily)
DTWEXBGS,2023-01-05,122.1017,Trade Weighted US Dollar Index (Daily)
DTWEXBGS,2023-01-06,121.0852,Trade Weighted US Dollar Index (Daily)
DTWEXBGS,2023-01-09,120.1508,Trade Weighted US Dollar Index (Daily)
DTWEXBGS,2023-01-10,120.2483,Trade Weighted US Dollar Index (Daily)
DTWEXBGS,2023-01-11,120.1614,Trade Weighted US Dollar Index (Daily)
DTWEXBGS,2023-01-12,119.4218,Trade Weighted US Dollar Index (Daily)
DTWEXBGS,2023-01-13,119.1673,Trade Weighted US Dollar Index (Daily)
DTWEXBGS,2023-01-17,119.2121,Trade Weighted US Dollar Index (Daily)
DTWEXBGS,2023-01-18,119.0755,Trade Weighted US Dollar Index (Daily)
DTWEXBGS,2023-01-19,119.6107,Trade Weighted US Dollar Index (Daily)
DTWEXBGS,2023-01-20,119.3486,Trade Weighted US Dollar Index (Daily)
DTWEXBGS,2023-01-23,119.1434,Trade Weighted US Dollar Index (Daily)
DTWEXBGS,2023-01-24,119.0958,Trade Weighted US Dollar Index (Daily)
DTWEXBGS,2023-01-25,118.9686,Trade Weighted US Dollar Index (Daily)
DTWEXBGS,2023-01-26,119.021,Trade Weighted US Dollar Index (Daily)
DTWEXBGS,2023-01-27,118.9223,Trade Weighted US Dollar Index (Daily)
DTWEXBGS,2023-01-30,118.8953,Trade Weighted US Dollar Index (Daily)
DTWEXBGS,2023-01-31,118.9802,Trade Weighted US Dollar Index (Daily)
DTWEXBGS,2023-02-01,118.6259,Trade Weighted US Dollar Index (Daily)
DTWEXBGS,2023-02-02,118.3421,Trade Weighted US Dollar Index (Daily)
DTWEXBGS,2023-02-03,119.5095,Trade Weighted US Dollar Index (Daily)
DTWEXBGS,2023-02-06,120.541,Trade Weighted US Dollar Index (Daily)
DTWEXBGS,2023-02-07,120.3475,Trade Weighted US Dollar Index (Daily)
DTWEXBGS,2023-02-08,120.1436,Trade Weighted US Dollar Index (Daily)
DTWEXBGS,2023-02-09,119.9781,Trade Weighted US Dollar Index (Daily)
DTWEXBGS,2023-02-10,120.1419,Trade Weighted US Dollar Index (Daily)
DTWEXBGS,2023-02-13,119.9828,Trade Weighted US Dollar Index (Daily)
DTWEXBGS,2023-02-14,119.9229,Trade Weighted US Dollar Index (Daily)
DTWEXBGS,2023-02-15,120.4557,Trade Weighted US Dollar Index (Daily)
DTWEXBGS,2023-02-16,120.4651,Trade Weighted US Dollar Index (Daily)
DTWEXBGS,2023-02-17,120.5526,Trade Weighted US Dollar Index (Daily)
DTWEXBGS,2023-02-21,120.6256,Trade Weighted US Dollar Index (Daily)
DTWEXBGS,2023-02-22,120.8389,Trade Weighted US Dollar Index (Daily)
DTWEXBGS,2023-02-23,121.0896,Trade Weighted US Dollar Index (Daily)
DTWEXBGS,2023-02-24,121.5681,Trade Weighted US Dollar Index (Daily)
DTWEXBGS,2023-02-27,121.3941,Trade Weighted US Dollar Index (Daily)
DTWEXBGS,2023-02-28,121.3341,Trade Weighted US Dollar Index (Daily)
DTWEXBGS,2023-03-01,120.6347,Trade Weighted US Dollar Index (Daily)
DTWEXBGS,2023-03-02,121.1302,Trade Weighted US Dollar Index (Daily)
DTWEXBGS,2023-03-03,120.7742,Trade Weighted US Dollar Index (Daily)
DTWEXBGS,2023-03-06,120.485,Trade Weighted US Dollar Index (Daily)
DTWEXBGS,2023-03-07,121.4623,Trade Weighted US Dollar Index (Daily)
DTWEXBGS,2023-03-08,121.4511,Trade Weighted US Dollar Index (Daily)
DTWEXBGS,2023-03-09,121.4458,Trade Weighted US Dollar Index (Daily)
DTWEXBGS,2023-03-10,121.2421,Trade Weighted US Dollar Index (Daily)
DTWEXBGS,2023-03-13,120.8897,Trade Weighted US Dollar Index (Daily)
DTWEXBGS,2023-03-14,121.0141,Trade Weighted US Dollar Index (Daily)
DTWEXBGS,2023-03-15,122.1079,Trade Weighted US Dollar Index (Daily)
DTWEXBGS,2023-03-16,121.7221,Trade Weighted US Dollar Index (Daily)
DTWEXBGS,2023-03-17,121.5643,Trade Weighted US Dollar Index (Daily)
DTWEXBGS,2023-03-20,121.0141,Trade Weighted US Dollar Index (Daily)
DTWEXBGS,2023-03-21,120.8958,Trade Weighted US Dollar Index (Daily)
DTWEXBGS,2023-03-22,120.6217,Trade Weighted US Dollar Index (Daily)
DTWEXBGS,2023-03-23,119.7587,Trade Weighted US Dollar Index (Daily)
DTWEXBGS,2023-03-24,120.4598,Trade Weighted US Dollar Index (Daily)
DTWEXBGS,2023-03-27,120.2541,Trade Weighted US Dollar Index (Daily)
DTWEXBGS,2023-03-28,119.7138,Trade Weighted US Dollar Index (Daily)
DTWEXBGS,2023-03-29,119.7258,Trade Weighted US Dollar Index (Daily)
DTWEXBGS,2023-03-30,119.4078,Trade Weighted US Dollar Index (Daily)
DTWEXBGS,2023-03-31,119.3602,Trade Weighted US Dollar Index (Daily)
DTWEXBGS,2023-04-03,119.3204,Trade Weighted US Dollar Index (Daily)
DTWEXBGS,2023-04-04,119.142,Trade Weighted US Dollar Index (Daily)
DTWEXBGS,2023-04-05,119.2953,Trade Weighted US Dollar Index (Daily)
DTWEXBGS,2023-04-06,119.3072,Trade Weighted US Dollar Index (Daily)
DTWEXBGS,2023-04-07,119.3547,Trade Weighted US Dollar Index (Daily)
DTWEXBGS,2023-04-10,119.7948,Trade Weighted US Dollar Index (Daily)
DTWEXBGS,2023-04-11,119.5248,Trade Weighted US Dollar Index (Daily)
DTWEXBGS,2023-04-12,119.003,Trade Weighted US Dollar Index (Daily)
DTWEXBGS,2023-04-13,118.3915,Trade Weighted US Dollar Index (Daily)
DTWEXBGS,2023-04-14,118.8567,Trade Weighted US Dollar Index (Daily)
DTWEXBGS,2023-04-17,119.2787,Trade Weighted US Dollar Index (Daily)
DTWEXBGS,2023-04-18,119.1049,Trade Weighted US Dollar Index (Daily)
DTWEXBGS,2023-04-19,119.303,Trade Weighted US Dollar Index (Daily)
DTWEXBGS,2023-04-20,119.1199,Trade Weighted US Dollar Index (Daily)
DTWEXBGS,2023-04-21,119.3117,Trade Weighted US Dollar Index (Daily)
DTWEXBGS,2023-04-24,119.2039,Trade Weighted US Dollar Index (Daily)
DTWEXBGS,2023-04-25,119.613,Trade Weighted US Dollar Index (Daily)
DTWEXBGS,2023-04-26,119.3228,Trade Weighted US Dollar Index (Daily)
DTWEXBGS,2023-04-27,119.4298,Trade Weighted US Dollar Index (Daily)
DTWEXBGS,2023-04-28,119.2248,Trade Weighted US Dollar Index (Daily)
DTWEXBGS,2023-05-01,119.4435,Trade Weighted US Dollar Index (Daily)
DTWEXBGS,2023-05-02,119.6105,Trade Weighted US Dollar Index (Daily)
DTWEXBGS,2023-05-03,119.1233,Trade Weighted US Dollar Index (Daily)
DTWEXBGS,2023-05-04,119.0465,Trade Weighted US Dollar Index (Daily)
DTWEXBGS,2023-05-05,118.5548,Trade Weighted US Dollar Index (Daily)
DTWEXBGS,2023-05-08,118.5759,Trade Weighted US Dollar Index (Daily)
DTWEXBGS,2023-05-09,118.8239,Trade Weighted US Dollar Index (Daily)
DTWEXBGS,2023-05-10,118.5864,Trade Weighted US Dollar Index (Daily)
DTWEXBGS,2023-05-11,119.0303,Trade Weighted US Dollar Index (Daily)
DTWEXBGS,2023-05-12,119.3671,Trade Weighted US Dollar Index (Daily)
DTWEXBGS,2023-05-15,119.1608,Trade Weighted US Dollar Index (Daily)
DTWEXBGS,2023-05-16,119.1743,Trade Weighted US Dollar Index (Daily)
DTWEXBGS,2023-05-17,119.607,Trade Weighted US Dollar Index (Daily)
DTWEXBGS,2023-05-18,120.0886,Trade Weighted US Dollar Index (Daily)
DTWEXBGS,2023-05-19,119.7751,Trade Weighted US Dollar Index (Daily)
DTWEXBGS,2023-05-22,120.0875,Trade Weighted US Dollar Index (Daily)
DTWEXBGS,2023-05-23,120.3204,Trade Weighted US Dollar Index (Daily)
DTWEXBGS,2023-05-24,120.4752,Trade Weighted US Dollar Index (Daily)
DTWEXBGS,2023-05-25,120.8413,Trade Weighted US Dollar Index (Daily)
DTWEXBGS,2023-05-26,120.6304,Trade Weighted US Dollar Index (Daily)
DTWEXBGS,2023-05-30,120.5546,Trade Weighted US Dollar Index (Daily)
DTWEXBGS,2023-05-31,120.9662,Trade Weighted US Dollar Index (Daily)
DTWEXBGS,2023-06-01,120.0491,Trade Weighted US Dollar Index (Daily)
DTWEXBGS,2023-06-02,120.0049,Trade Weighted US Dollar Index (Daily)
DTWEXBGS,2023-06-05,120.0048,Trade Weighted US Dollar Index (Daily)
DTWEXBGS,2023-06-06,119.9718,Trade Weighted US Dollar Index (Daily)
DTWEXBGS,2023-06-07,119.859,Trade Weighted US Dollar Index (Daily)
DTWEXBGS,2023-06-08,119.5712,Trade Weighted US Dollar Index (Daily)
DTWEXBGS,2023-06-09,119.4322,Trade Weighted US Dollar Index (Daily)
DTWEXBGS,2023-06-12,119.6376,Trade Weighted US Dollar Index (Daily)
DTWEXBGS,2023-06-13,119.1899,Trade Weighted US Dollar Index (Daily)
DTWEXBGS,2023-06-14,118.776,Trade Weighted US Dollar Index (Daily)
DTWEXBGS,2023-06-15,118.5521,Trade Weighted US Dollar Index (Daily)
DTWEXBGS,2023-06-16,118.4184,Trade Weighted US Dollar Index (Daily)
DTWEXBGS,2023-06-20,118.938,Trade Weighted US Dollar Index (Daily)
DTWEXBGS,2023-06-21,118.727,Trade Weighted US Dollar Index (Daily)
DTWEXBGS,2023-06-22,118.7552,Trade Weighted US Dollar Index (Daily)
DTWEXBGS,2023-06-23,119.152,Trade Weighted US Dollar Index (Daily)
DTWEXBGS,2023-06-26,119.0761,Trade Weighted US Dollar Index (Daily)
DTWEXBGS,2023-06-27,118.8949,Trade Weighted US Dollar Index (Daily)
DTWEXBGS,2023-06-28,119.3382,Trade Weighted US Dollar Index (Daily)
DTWEXBGS,2023-06-29,119.527,Trade Weighted US Dollar Index (Daily)
DTWEXBGS,2023-06-30,119.3606,Trade Weighted US Dollar Index (Daily)
DTWEXBGS,2023-07-03,119.2119,Trade Weighted US Dollar Index (Daily)
DTWEXBGS,2023-07-05,119.3483,Trade Weighted US Dollar Index (Daily)
DTWEXBGS,2023-07-06,119.8193,Trade Weighted US Dollar Index (Daily)
DTWEXBGS,2023-07-07,119.0761,Trade Weighted US Dollar Index (Daily)
DTWEXBGS,2023-07-10,118.9548,Trade Weighted US Dollar Index (Daily)
DTWEXBGS,2023-07-11,118.7344,Trade Weighted US Dollar Index (Daily)
DTWEXBGS,2023-07-12,117.6385,Trade Weighted US Dollar Index (Daily)
DTWEXBGS,2023-07-13,117.1831,Trade Weighted US Dollar Index (Daily)
DTWEXBGS,2023-07-14,117.0463,Trade Weighted US Dollar Index (Daily)
DTWEXBGS,2023-07-17,117.1267,Trade Weighted US Dollar Index (Daily)
DTWEXBGS,2023-07-18,117.0264,Trade Weighted US Dollar Index (Daily)
DTWEXBGS,2023-07-19,117.3462,Trade Weighted US Dollar Index (Daily)
DTWEXBGS,2023-07-20,117.5947,Trade Weighted US Dollar Index (Daily)
DTWEXBGS,2023-07-21,117.9418,Trade Weighted US Dollar Index (Daily)
DTWEXBGS,2023-07-24,117.8124,Trade Weighted US Dollar Index (Daily)
DTWEXBGS,2023-07-25,117.8565,Trade Weighted US Dollar Index (Daily)
DTWEXBGS,2023-07-26,117.76,Trade Weighted US Dollar Index (Daily)
DTWEXBGS,2023-07-27,117.8938,Trade Weighted US Dollar Index (Daily)
DTWEXBGS,2023-07-28,117.788,Trade Weighted US Dollar Index (Daily)
DTWEXBGS,2023-07-31,117.8241,Trade Weighted US Dollar Index (Daily)
DTWEXBGS,2023-08-01,118.5738,Trade Weighted US Dollar Index (Daily)
DTWEXBGS,2023-08-02,119.1268,Trade Weighted US Dollar Index (Daily)
DTWEXBGS,2023-08-03,119.3963,Trade Weighted US Dollar Index (Daily)
DTWEXBGS,2023-08-04,118.821,Trade Weighted US Dollar Index (Daily)
DTWEXBGS,2023-08-07,119.0809,Trade Weighted US Dollar Index (Daily)
DTWEXBGS,2023-08-08,119.6407,Trade Weighted US Dollar Index (Daily)
DTWEXBGS,2023-08-09,119.476,Trade Weighted US Dollar Index (Daily)
DTWEXBGS,2023-08-10,119.1581,Trade Weighted US Dollar Index (Daily)
DTWEXBGS,2023-08-11,119.6268,Trade Weighted US Dollar Index (Daily)
DTWEXBGS,2023-08-14,120.0725,Trade Weighted US Dollar Index (Daily)
DTWEXBGS,2023-08-15,120.2127,Trade Weighted US Dollar Index (Daily)
DTWEXBGS,2023-08-16,120.3551,Trade Weighted US Dollar Index (Daily)
DTWEXBGS,2023-08-17,120.5242,Trade Weighted US Dollar Index (Daily)
DTWEXBGS,2023-08-18,120.4321,Trade Weighted US Dollar Index (Daily)
DTWEXBGS,2023-08-21,120.4627,Trade Weighted US Dollar Index (Daily)
DTWEXBGS,2023-08-22,120.3554,Trade Weighted US Dollar Index (Daily)
DTWEXBGS,2023-08-23,120.0307,Trade Weighted US Dollar Index (Daily)
DTWEXBGS,2023-08-24,120.2354,Trade Weighted US Dollar Index (Daily)
DTWEXBGS,2023-08-25,120.5137,Trade Weighted US Dollar Index (Daily)
DTWEXBGS,2023-08-28,120.3155,Trade Weighted US Dollar Index (Daily)
DTWEXBGS,2023-08-29,120.2669,Trade Weighted US Dollar Index (Daily)
DTWEXBGS,2023-08-30,119.7937,Trade Weighted US Dollar Index (Daily)
DTWEXBGS,2023-08-31,120.225,Trade Weighted US Dollar Index (Daily)
DTWEXBGS,2023-09-01,120.759,Trade Weighted US Dollar Index (Daily)
DTWEXBGS,2023-09-05,121.4345,Trade Weighted US Dollar Index (Daily)
DTWEXBGS,2023-09-06,121.8671,Trade Weighted US Dollar Index (Daily)
DTWEXBGS,2023-09-07,121.9528,Trade Weighted US Dollar Index (Daily)
DTWEXBGS,2023-09-08,121.9475,Trade Weighted US Dollar Index (Daily)
DTWEXBGS,2023-09-11,121.3386,Trade Weighted US Dollar Index (Daily)
DTWEXBGS,2023-09-12,121.2913,Trade Weighted US Dollar Index (Daily)
DTWEXBGS,2023-09-13,121.0549,Trade Weighted US Dollar Index (Daily)
DTWEXBGS,2023-09-14,121.2395,Trade Weighted US Dollar Index (Daily)
DTWEXBGS,2023-09-15,121.199,Trade Weighted US Dollar Index (Daily)
DTWEXBGS,2023-09-18,121.1938,Trade Weighted US Dollar Index (Daily)
DTWEXBGS,2023-09-19,121.1645,Trade Weighted US Dollar Index (Daily)
DTWEXBGS,2023-09-20,120.9648,Trade Weighted US Dollar Index (Daily)
DTWEXBGS,2023-09-21,121.5528,Trade Weighted US Dollar Index (Daily)
DTWEXBGS,2023-09-22,121.5306,Trade Weighted US Dollar Index (Daily)
DTWEXBGS,2023-09-25,122.1143,Trade Weighted US Dollar Index (Daily)
DTWEXBGS,2023-09-26,122.4742,Trade Weighted US Dollar Index (Daily)
DTWEXBGS,2023-09-27,122.9895,Trade Weighted US Dollar Index (Daily)
DTWEXBGS,2023-09-28,122.5342,Trade Weighted US Dollar Index (Daily)
DTWEXBGS,2023-09-29,122.3077,Trade Weighted US Dollar Index (Daily)
DTWEXBGS,2023-10-02,123.0545,Trade Weighted US Dollar Index (Daily)
DTWEXBGS,2023-10-03,123.7848,Trade Weighted US Dollar Index (Daily)
DTWEXBGS,2023-10-04,123.5946,Trade Weighted US Dollar Index (Daily)
DTWEXBGS,2023-10-05,123.8993,Trade Weighted US Dollar Index (Daily)
DTWEXBGS,2023-10-06,123.3563,Trade Weighted US Dollar Index (Daily)
DTWEXBGS,2023-10-10,122.9282,Trade Weighted US Dollar Index (Daily)
DTWEXBGS,2023-10-11,122.7697,Trade Weighted US Dollar Index (Daily)
DTWEXBGS,2023-10-12,123.2101,Trade Weighted US Dollar Index (Daily)
DTWEXBGS,2023-10-13,123.5954,Trade Weighted US Dollar Index (Daily)
DTWEXBGS,2023-10-16,123.3185,Trade Weighted US Dollar Index (Daily)
DTWEXBGS,2023-10-17,123.1202,Trade Weighted US Dollar Index (Daily)
DTWEXBGS,2023-10-18,123.8148,Trade Weighted US Dollar Index (Daily)
DTWEXBGS,2023-10-19,123.798,Trade Weighted US Dollar Index (Daily)
DTWEXBGS,2023-10-20,123.612,Trade Weighted US Dollar Index (Daily)
DTWEXBGS,2023-10-23,123.2846,Trade Weighted US Dollar Index (Daily)
DTWEXBGS,2023-10-24,123.6416,Trade Weighted US Dollar Index (Daily)
DTWEXBGS,2023-10-25,123.7871,Trade Weighted US Dollar Index (Daily)
DTWEXBGS,2023-10-26,124.0064,Trade Weighted US Dollar Index (Daily)
DTWEXBGS,2023-10-27,123.62,Trade Weighted US Dollar Index (Daily)
DTWEXBGS,2023-10-30,123.4076,Trade Weighted US Dollar Index (Daily)
DTWEXBGS,2023-10-31,123.8364,Trade Weighted US Dollar Index (Daily)
DTWEXBGS,2023-11-01,123.7922,Trade Weighted US Dollar Index (Daily)
DTWEXBGS,2023-11-02,122.8818,Trade Weighted US Dollar Index (Daily)
DTWEXBGS,2023-11-03,121.7564,Trade Weighted US Dollar Index (Daily)
DTWEXBGS,2023-11-06,121.6484,Trade Weighted US Dollar Index (Daily)
DTWEXBGS,2023-11-07,122.0777,Trade Weighted US Dollar Index (Daily)
DTWEXBGS,2023-11-08,122.0926,Trade Weighted US Dollar Index (Daily)
DTWEXBGS,2023-11-09,122.1281,Trade Weighted US Dollar Index (Daily)
DTWEXBGS,2023-11-13,122.4264,Trade Weighted US Dollar Index (Daily)
DTWEXBGS,2023-11-14,121.35,Trade Weighted US Dollar Index (Daily)
DTWEXBGS,2023-11-15,121.0749,Trade Weighted US Dollar Index (Daily)
DTWEXBGS,2023-11-16,121.1754,Trade Weighted US Dollar Index (Daily)
DTWEXBGS,2023-11-17,120.8477,Trade Weighted US Dollar Index (Daily)
DTWEXBGS,2023-11-20,120.2533,Trade Weighted US Dollar Index (Daily)
DTWEXBGS,2023-11-21,120.2241,Trade Weighted US Dollar Index (Daily)
DTWEXBGS,2023-11-22,120.6802,Trade Weighted US Dollar Index (Daily)
DTWEXBGS,2023-11-24,120.2105,Trade Weighted US Dollar Index (Daily)
DTWEXBGS,2023-11-27,120.173,Trade Weighted US Dollar Index (Daily)
DTWEXBGS,2023-11-28,119.5904,Trade Weighted US Dollar Index (Daily)
DTWEXBGS,2023-11-29,119.8159,Trade Weighted US Dollar Index (Daily)
DTWEXBGS,2023-11-30,120.2434,Trade Weighted US Dollar Index (Daily)
DTWEXBGS,2023-12-01,119.9424,Trade Weighted US Dollar Index (Daily)
DTWEXBGS,2023-12-04,120.4727,Trade Weighted US Dollar Index (Daily)
DTWEXBGS,2023-12-05,120.7913,Trade Weighted US Dollar Index (Daily)
DTWEXBGS,2023-12-06,120.5334,Trade Weighted US Dollar Index (Daily)
DTWEXBGS,2023-12-07,120.6013,Trade Weighted US Dollar Index (Daily)
DTWEXBGS,2023-12-08,120.7607,Trade Weighted US Dollar Index (Daily)
DTWEXBGS,2023-12-11,120.9279,Trade Weighted US Dollar Index (Daily)
DTWEXBGS,2023-12-12,120.6817,Trade Weighted US Dollar Index (Daily)
DTWEXBGS,2023-12-13,121.1571,Trade Weighted US Dollar Index (Daily)
DTWEXBGS,2023-12-14,119.5683,Trade Weighted US Dollar Index (Daily)
DTWEXBGS,2023-12-15,119.7382,Trade Weighted US Dollar Index (Daily)
DTWEXBGS,2023-12-18,119.9102,Trade Weighted US Dollar Index (Daily)
DTWEXBGS,2023-12-19,119.4632,Trade Weighted US Dollar Index (Daily)
DTWEXBGS,2023-12-20,119.5435,Trade Weighted US Dollar Index (Daily)
DTWEXBGS,2023-12-21,119.3168,Trade Weighted US Dollar Index (Daily)
DTWEXBGS,2023-12-22,119.0625,Trade Weighted US Dollar Index (Daily)
DTWEXBGS,2023-12-26,118.8875,Trade Weighted US Dollar Index (Daily)
DTWEXBGS,2023-12-27,118.4729,Trade Weighted US Dollar Index (Daily)
DTWEXBGS,2023-12-28,118.4104,Trade Weighted US Dollar Index (Daily)
DTWEXBGS,2023-12-29,118.4208,Trade Weighted US Dollar Index (Daily)
DTWEXBGS,2024-01-02,119.2686,Trade Weighted US Dollar Index (Daily)
DTWEXBGS,2024-01-03,119.6958,Trade Weighted US Dollar Index (Daily)
DTWEXBGS,2024-01-04,119.6208,Trade Weighted US Dollar Index (Daily)
DTWEXBGS,2024-01-05,119.388,Trade Weighted US Dollar Index (Daily)
DTWEXBGS,2024-01-08,119.2506,Trade Weighted US Dollar Index (Daily)
DTWEXBGS,2024-01-09,119.6666,Trade Weighted US Dollar Index (Daily)
DTWEXBGS,2024-01-10,119.7614,Trade Weighted US Dollar Index (Daily)
DTWEXBGS,2024-01-11,119.8916,Trade Weighted US Dollar Index (Daily)
DTWEXBGS,2024-01-12,119.534,Trade Weighted US Dollar Index (Daily)
DTWEXBGS,2024-01-16,120.5759,Trade Weighted US Dollar Index (Daily)
DTWEXBGS,2024-01-17,121.0402,Trade Weighted US Dollar Index (Daily)
DTWEXBGS,2024-01-18,120.8895,Trade Weighted US Dollar Index (Daily)
DTWEXBGS,2024-01-19,120.6442,Trade Weighted US Dollar Index (Daily)
DTWEXBGS,2024-01-22,120.6178,Trade Weighted US Dollar Index (Daily)
DTWEXBGS,2024-01-23,121.1001,Trade Weighted US Dollar Index (Daily)
DTWEXBGS,2024-01-24,120.4916,Trade Weighted US Dollar Index (Daily)
DTWEXBGS,2024-01-25,120.8311,Trade Weighted US Dollar Index (Daily)
DTWEXBGS,2024-01-26,120.6173,Trade Weighted US Dollar Index (Daily)
DTWEXBGS,2024-01-29,120.8538,Trade Weighted US Dollar Index (Daily)
DTWEXBGS,2024-01-30,120.6025,Trade Weighted US Dollar Index (Daily)
DTWEXBGS,2024-01-31,120.4331,Trade Weighted US Dollar Index (Daily)
DTWEXBGS,2024-02-01,120.3335,Trade Weighted US Dollar Index (Daily)
DTWEXBGS,2024-02-02,120.902,Trade Weighted US Dollar Index (Daily)
DTWEXBGS,2024-02-05,121.349,Trade Weighted US Dollar Index (Daily)
DTWEXBGS,2024-02-06,120.9588,Trade Weighted US Dollar Index (Daily)
DTWEXBGS,2024-02-07,120.9049,Trade Weighted US Dollar Index (Daily)
DTWEXBGS,2024-02-08,121.0798,Trade Weighted US Dollar Index (Daily)
DTWEXBGS,2024-02-09,121.039,Trade Weighted US Dollar Index (Daily)
DTWEXBGS,2024-02-12,120.9378,Trade Weighted US Dollar Index (Daily)
DTWEXBGS,2024-02-13,121.5202,Trade Weighted US Dollar Index (Daily)
DTWEXBGS,2024-02-14,121.4002,Trade Weighted US Dollar Index (Daily)
DTWEXBGS,2024-02-15,121.2121,Trade Weighted US Dollar Index (Daily)
DTWEXBGS,2024-02-16,121.1505,Trade Weighted US Dollar Index (Daily)
DTWEXBGS,2024-02-20,121.0199,Trade Weighted US Dollar Index (Daily)
DTWEXBGS,2024-02-21,121.0379,Trade Weighted US Dollar Index (Daily)
DTWEXBGS,2024-02-22,121.102,Trade Weighted US Dollar Index (Daily)
DTWEXBGS,2024-02-23,121.0369,Trade Weighted US Dollar Index (Daily)
DTWEXBGS,2024-02-26,121.0592,Trade Weighted US Dollar Index (Daily)
DTWEXBGS,2024-02-27,120.9647,Trade Weighted US Dollar Index (Daily)
DTWEXBGS,2024-02-28,121.128,Trade Weighted US Dollar Index (Daily)
DTWEXBGS,2024-02-29,121.1824,Trade Weighted US Dollar Index (Daily)
DTWEXBGS,2024-03-01,121.0111,Trade Weighted US Dollar Index (Daily)
DTWEXBGS,2024-03-04,120.872,Trade Weighted US Dollar Index (Daily)
DTWEXBGS,2024-03-05,120.8846,Trade Weighted US Dollar Index (Daily)
DTWEXBGS,2024-03-06,120.4649,Trade Weighted US Dollar Index (Daily)
DTWEXBGS,2024-03-07,120.1909,Trade Weighted US Dollar Index (Daily)
DTWEXBGS,2024-03-08,119.975,Trade Weighted US Dollar Index (Daily)
DTWEXBGS,2024-03-11,120.0394,Trade Weighted US Dollar Index (Daily)
DTWEXBGS,2024-03-12,120.1668,Trade Weighted US Dollar Index (Daily)
DTWEXBGS,2024-03-13,119.9642,Trade Weighted US Dollar Index (Daily)
DTWEXBGS,2024-03-14,120.241,Trade Weighted US Dollar Index (Daily)
DTWEXBGS,2024-03-15,120.4003,Trade Weighted US Dollar Index (Daily)
DTWEXBGS,2024-03-18,120.5752,Trade Weighted US Dollar Index (Daily)
DTWEXBGS,2024-03-19,120.9332,Trade Weighted US Dollar Index (Daily)
DTWEXBGS,2024-03-20,120.9289,Trade Weighted US Dollar Index (Daily)
DTWEXBGS,2024-03-21,120.8086,Trade Weighted US Dollar Index (Daily)
DTWEXBGS,2024-03-22,121.1842,Trade Weighted US Dollar Index (Daily)
DTWEXBGS,2024-03-25,121.0295,Trade Weighted US Dollar Index (Daily)
DTWEXBGS,2024-03-26,121.0742,Trade Weighted US Dollar Index (Daily)
DTWEXBGS,2024-03-27,121.0089,Trade Weighted US Dollar Index (Daily)
DTWEXBGS,2024-03-28,121.0635,Trade Weighted US Dollar Index (Daily)
DTWEXBGS,2024-03-29,121.0191,Trade Weighted US Dollar Index (Daily)
DTWEXBGS,2024-04-01,121.5151,Trade Weighted US Dollar Index (Daily)
DTWEXBGS,2024-04-02,121.3035,Trade Weighted US Dollar Index (Daily)
DTWEXBGS,2024-04-03,121.0198,Trade Weighted US Dollar Index (Daily)
DTWEXBGS,2024-04-04,120.7613,Trade Weighted US Dollar Index (Daily)
DTWEXBGS,2024-04-05,120.9646,Trade Weighted US Dollar Index (Daily)
DTWEXBGS,2024-04-08,120.7359,Trade Weighted US Dollar Index (Daily)
DTWEXBGS,2024-04-09,120.7048,Trade Weighted US Dollar Index (Daily)
DTWEXBGS,2024-04-10,121.5727,Trade Weighted US Dollar Index (Daily)
DTWEXBGS,2024-04-11,121.6081,Trade Weighted US Dollar Index (Daily)
DTWEXBGS,2024-04-12,122.2885,Trade Weighted US Dollar Index (Daily)
DTWEXBGS,2024-04-15,122.425,Trade Weighted US Dollar Index (Daily)
DTWEXBGS,2024-04-16,123.1234,Trade Weighted US Dollar Index (Daily)
DTWEXBGS,2024-04-17,123.0207,Trade Weighted US Dollar Index (Daily)
DTWEXBGS,2024-04-18,123.0017,Trade Weighted US Dollar Index (Daily)
DTWEXBGS,2024-04-19,123.1075,Trade Weighted US Dollar Index (Daily)
DTWEXBGS,2024-04-22,123.0609,Trade Weighted US Dollar Index (Daily)
DTWEXBGS,2024-04-23,122.7227,Trade Weighted US Dollar Index (Daily)
DTWEXBGS,2024-04-24,122.89,Trade Weighted US Dollar Index (Daily)
DTWEXBGS,2024-04-25,122.8384,Trade Weighted US Dollar Index (Daily)
DTWEXBGS,2024-04-26,122.9471,Trade Weighted US Dollar Index (Daily)
DTWEXBGS,2024-04-29,122.5449,Trade Weighted US Dollar Index (Daily)
DTWEXBGS,2024-04-30,122.9853,Trade Weighted US Dollar Index (Daily)
DTWEXBGS,2024-05-01,123.0168,Trade Weighted US Dollar Index (Daily)
DTWEXBGS,2024-05-02,122.4384,Trade Weighted US Dollar Index (Daily)
DTWEXBGS,2024-05-03,122.1375,Trade Weighted US Dollar Index (Daily)
DTWEXBGS,2024-05-06,121.8913,Trade Weighted US Dollar Index (Daily)
DTWEXBGS,2024-05-07,122.093,Trade Weighted US Dollar Index (Daily)
DTWEXBGS,2024-05-08,122.1926,Trade Weighted US Dollar Index (Daily)
DTWEXBGS,2024-05-09,122.1634,Trade Weighted US Dollar Index (Daily)
DTWEXBGS,2024-05-10,122.014,Trade Weighted US Dollar Index (Daily)
DTWEXBGS,2024-05-13,122.0261,Trade Weighted US Dollar Index (Daily)
DTWEXBGS,2024-05-14,121.9256,Trade Weighted US Dollar Index (Daily)
DTWEXBGS,2024-05-15,121.3543,Trade Weighted US Dollar Index (Daily)
DTWEXBGS,2024-05-16,121.2236,Trade Weighted US Dollar Index (Daily)
DTWEXBGS,2024-05-17,121.2354,Trade Weighted US Dollar Index (Daily)
DTWEXBGS,2024-05-20,121.2289,Trade Weighted US Dollar Index (Daily)
DTWEXBGS,2024-05-21,121.3793,Trade Weighted US Dollar Index (Daily)
DTWEXBGS,2024-05-22,121.5462,Trade Weighted US Dollar Index (Daily)
DTWEXBGS,2024-05-23,121.7477,Trade Weighted US Dollar Index (Daily)
DTWEXBGS,2024-05-24,121.6172,Trade Weighted US Dollar Index (Daily)
DTWEXBGS,2024-05-28,121.43,Trade Weighted US Dollar Index (Daily)
DTWEXBGS,2024-05-29,122.1641,Trade Weighted US Dollar Index (Daily)
DTWEXBGS,2024-05-30,121.9601,Trade Weighted US Dollar Index (Daily)
DTWEXBGS,2024-05-31,122.098,Trade Weighted US Dollar Index (Daily)
DTWEXBGS,2024-06-03,122.3509,Trade Weighted US Dollar Index (Daily)
DTWEXBGS,2024-06-04,122.7256,Trade Weighted US Dollar Index (Daily)
DTWEXBGS,2024-06-05,122.5339,Trade Weighted US Dollar Index (Daily)
DTWEXBGS,2024-06-06,122.3713,Trade Weighted US Dollar Index (Daily)
DTWEXBGS,2024-06-07,123.549,Trade Weighted US Dollar Index (Daily)
DTWEXBGS,2024-06-10,123.9125,Trade Weighted US Dollar Index (Daily)
DTWEXBGS,2024-06-11,124.0349,Trade Weighted US Dollar Index (Daily)
DTWEXBGS,2024-06-12,123.8295,Trade Weighted US Dollar Index (Daily)
DTWEXBGS,2024-06-13,124.0235,Trade Weighted US Dollar Index (Daily)
DTWEXBGS,2024-06-14,124.1694,Trade Weighted US Dollar Index (Daily)
DTWEXBGS,2024-06-17,124.239,Trade Weighted US Dollar Index (Daily)
DTWEXBGS,2024-06-18,123.9776,Trade Weighted US Dollar Index (Daily)
DTWEXBGS,2024-06-20,124.192,Trade Weighted US Dollar Index (Daily)
DTWEXBGS,2024-06-21,124.1086,Trade Weighted US Dollar Index (Daily)
DTWEXBGS,2024-06-24,123.7125,Trade Weighted US Dollar Index (Daily)
DTWEXBGS,2024-06-25,123.9417,Trade Weighted US Dollar Index (Daily)
DTWEXBGS,2024-06-26,124.26,Trade Weighted US Dollar Index (Daily)
DTWEXBGS,2024-06-27,124.3379,Trade Weighted US Dollar Index (Daily)
DTWEXBGS,2024-06-28,124.2103,Trade Weighted US Dollar Index (Daily)
DTWEXBGS,2024-07-01,124.4667,Trade Weighted US Dollar Index (Daily)
DTWEXBGS,2024-07-02,124.2917,Trade Weighted US Dollar Index (Daily)
DTWEXBGS,2024-07-03,123.7768,Trade Weighted US Dollar Index (Daily)
DTWEXBGS,2024-07-05,123.4762,Trade Weighted US Dollar Index (Daily)
DTWEXBGS,2024-07-08,123.3576,Trade Weighted US Dollar Index (Daily)
DTWEXBGS,2024-07-09,123.4071,Trade Weighted US Dollar Index (Daily)
DTWEXBGS,2024-07-10,123.1895,Trade Weighted US Dollar Index (Daily)
DTWEXBGS,2024-07-11,122.769,Trade Weighted US Dollar Index (Daily)
DTWEXBGS,2024-07-12,122.4404,Trade Weighted US Dollar Index (Daily)
DTWEXBGS,2024-07-15,122.6347,Trade Weighted US Dollar Index (Daily)
DTWEXBGS,2024-07-16,122.7264,Trade Weighted US Dollar Index (Daily)
DTWEXBGS,2024-07-17,122.518,Trade Weighted US Dollar Index (Daily)
DTWEXBGS,2024-07-18,122.7909,Trade Weighted US Dollar Index (Daily)
DTWEXBGS,2024-07-19,123.147,Trade Weighted US Dollar Index (Daily)
DTWEXBGS,2024-07-22,123.2172,Trade Weighted US Dollar Index (Daily)
DTWEXBGS,2024-07-23,123.3843,Trade Weighted US Dollar Index (Daily)
DTWEXBGS,2024-07-24,123.5575,Trade Weighted US Dollar Index (Daily)
DTWEXBGS,2024-07-25,123.5286,Trade Weighted US Dollar Index (Daily)
DTWEXBGS,2024-07-26,123.672,Trade Weighted US Dollar Index (Daily)
DTWEXBGS,2024-07-29,124.1392,Trade Weighted US Dollar Index (Daily)
DTWEXBGS,2024-07-30,124.2855,Trade Weighted US Dollar Index (Daily)
DTWEXBGS,2024-07-31,123.6373,Trade Weighted US Dollar Index (Daily)
DTWEXBGS,2024-08-01,123.8693,Trade Weighted US Dollar Index (Daily)
DTWEXBGS,2024-08-02,123.4681,Trade Weighted US Dollar Index (Daily)
DTWEXBGS,2024-08-05,123.5787,Trade Weighted US Dollar Index (Daily)
DTWEXBGS,2024-08-06,123.6532,Trade Weighted US Dollar Index (Daily)
DTWEXBGS,2024-08-07,123.5698,Trade Weighted US Dollar Index (Daily)
DTWEXBGS,2024-08-08,123.4466,Trade Weighted US Dollar Index (Daily)
DTWEXBGS,2024-08-09,122.9276,Trade Weighted US Dollar Index (Daily)
DTWEXBGS,2024-08-12,123.2204,Trade Weighted US Dollar Index (Daily)
DTWEXBGS,2024-08-13,123.0146,Trade Weighted US Dollar Index (Daily)
DTWEXBGS,2024-08-14,122.4297,Trade Weighted US Dollar Index (Daily)
DTWEXBGS,2024-08-15,122.5844,Trade Weighted US Dollar Index (Daily)
DTWEXBGS,2024-08-16,122.3972,Trade Weighted US Dollar Index (Daily)
DTWEXBGS,2024-08-19,121.8788,Trade Weighted US Dollar Index (Daily)
DTWEXBGS,2024-08-20,121.7728,Trade Weighted US Dollar Index (Daily)
DTWEXBGS,2024-08-21,121.8535,Trade Weighted US Dollar Index (Daily)
DTWEXBGS,2024-08-22,122.3626,Trade Weighted US Dollar Index (Daily)
DTWEXBGS,2024-08-23,121.4597,Trade Weighted US Dollar Index (Daily)
DTWEXBGS,2024-08-26,121.6943,Trade Weighted US Dollar Index (Daily)
DTWEXBGS,2024-08-27,121.8672,Trade Weighted US Dollar Index (Daily)
DTWEXBGS,2024-08-28,121.8943,Trade Weighted US Dollar Index (Daily)
DTWEXBGS,2024-08-29,122.2333,Trade Weighted US Dollar Index (Daily)
DTWEXBGS,2024-08-30,122.3262,Trade Weighted US Dollar Index (Daily)
DTWEXBGS,2024-09-03,122.7811,Trade Weighted US Dollar Index (Daily)
DTWEXBGS,2024-09-04,122.5144,Trade Weighted US Dollar Index (Daily)
DTWEXBGS,2024-09-05,122.4533,Trade Weighted US Dollar Index (Daily)
DTWEXBGS,2024-09-06,122.4991,Trade Weighted US Dollar Index (Daily)
DTWEXBGS,2024-09-09,122.7156,Trade Weighted US Dollar Index (Daily)
DTWEXBGS,2024-09-10,123.0071,Trade Weighted US Dollar Index (Daily)
DTWEXBGS,2024-09-11,122.7754,Trade Weighted US Dollar Index (Daily)
DTWEXBGS,2024-09-12,122.4423,Trade Weighted US Dollar Index (Daily)
DTWEXBGS,2024-09-13,121.6551,Trade Weighted US Dollar Index (Daily)
DTWEXBGS,2024-09-16,121.4976,Trade Weighted US Dollar Index (Daily)
DTWEXBGS,2024-09-17,121.6031,Trade Weighted US Dollar Index (Daily)
DTWEXBGS,2024-09-18,121.5618,Trade Weighted US Dollar Index (Daily)
DTWEXBGS,2024-09-19,121.3059,Trade Weighted US Dollar Index (Daily)
DTWEXBGS,2024-09-20,121.4052,Trade Weighted US Dollar Index (Daily)
DTWEXBGS,2024-09-23,121.4303,Trade Weighted US Dollar Index (Daily)
DTWEXBGS,2024-09-24,121.1291,Trade Weighted US Dollar Index (Daily)
DTWEXBGS,2024-09-25,121.4447,Trade Weighted US Dollar Index (Daily)
DTWEXBGS,2024-09-26,121.0785,Trade Weighted US Dollar Index (Daily)
DTWEXBGS,2024-09-27,121.1111,Trade Weighted US Dollar Index (Daily)
DTWEXBGS,2024-09-30,121.2864,Trade Weighted US Dollar Index (Daily)
DTWEXBGS,2024-10-01,121.6881,Trade Weighted US Dollar Index (Daily)
DTWEXBGS,2024-10-02,121.5724,Trade Weighted US Dollar Index (Daily)
DTWEXBGS,2024-10-03,122.1197,Trade Weighted US Dollar Index (Daily)
DTWEXBGS,2024-10-04,122.2197,Trade Weighted US Dollar Index (Daily)
DTWEXBGS,2024-10-07,122.4241,Trade Weighted US Dollar Index (Daily)
DTWEXBGS,2024-10-08,122.6625,Trade Weighted US Dollar Index (Daily)
DTWEXBGS,2024-10-09,122.8821,Trade Weighted US Dollar Index (Daily)
DTWEXBGS,2024-10-10,123.0951,Trade Weighted US Dollar Index (Daily)
DTWEXBGS,2024-10-11,122.9805,Trade Weighted US Dollar Index (Daily)
DTWEXBGS,2024-10-15,123.5124,Trade Weighted US Dollar Index (Daily)
DTWEXBGS,2024-10-16,123.9235,Trade Weighted US Dollar Index (Daily)
DTWEXBGS,2024-10-17,124.1122,Trade Weighted US Dollar Index (Daily)
DTWEXBGS,2024-10-18,123.9185,Trade Weighted US Dollar Index (Daily)
DTWEXBGS,2024-10-21,124.4757,Trade Weighted US Dollar Index (Daily)
DTWEXBGS,2024-10-22,124.4107,Trade Weighted US Dollar Index (Daily)
DTWEXBGS,2024-10-23,124.6931,Trade Weighted US Dollar Index (Daily)
DTWEXBGS,2024-10-24,124.5127,Trade Weighted US Dollar Index (Daily)
DTWEXBGS,2024-10-25,124.6105,Trade Weighted US Dollar Index (Daily)
DTWEXBGS,2024-10-28,124.8076,Trade Weighted US Dollar Index (Daily)
DTWEXBGS,2024-10-29,124.8612,Trade Weighted US Dollar Index (Daily)
DTWEXBGS,2024-10-30,124.8153,Trade Weighted US Dollar Index (Daily)
DTWEXBGS,2024-10-31,124.7988,Trade Weighted US Dollar Index (Daily)
DTWEXBGS,2024-11-01,124.8076,Trade Weighted US Dollar Index (Daily)
DTWEXBGS,2024-11-04,124.5903,Trade Weighted US Dollar Index (Daily)
DTWEXBGS,2024-11-05,124.5532,Trade Weighted US Dollar Index (Daily)
DTWEXBGS,2024-11-06,125.7035,Trade Weighted US Dollar Index (Daily)
DTWEXBGS,2024-11-07,124.775,Trade Weighted US Dollar Index (Daily)
DTWEXBGS,2024-11-08,125.5811,Trade Weighted US Dollar Index (Daily)
DTWEXBGS,2024-11-12,126.7762,Trade Weighted US Dollar Index (Daily)
DTWEXBGS,2024-11-13,126.9572,Trade Weighted US Dollar Index (Daily)
DTWEXBGS,2024-11-14,127.0015,Trade Weighted US Dollar Index (Daily)
DTWEXBGS,2024-11-15,126.8848,Trade Weighted US Dollar Index (Daily)
DTWEXBGS,2024-11-18,126.6045,Trade Weighted US Dollar Index (Daily)
DTWEXBGS,2024-11-19,126.3994,Trade Weighted US Dollar Index (Daily)
DTWEXBGS,2024-11-20,126.88,Trade Weighted US Dollar Index (Daily)
DTWEXBGS,2024-11-21,127.1047,Trade Weighted US Dollar Index (Daily)
DTWEXBGS,2024-11-22,127.4712,Trade Weighted US Dollar Index (Daily)
DTWEXBGS,2024-11-25,126.9948,Trade Weighted US Dollar Index (Daily)
DTWEXBGS,2024-11-26,127.4301,Trade Weighted US Dollar Index (Daily)
DTWEXBGS,2024-11-27,126.8205,Trade Weighted US Dollar Index (Daily)
DTWEXBGS,2024-11-29,126.5798,Trade Weighted US Dollar Index (Daily)
DTWEXBGS,2024-12-02,127.1272,Trade Weighted US Dollar Index (Daily)
DTWEXBGS,2024-12-03,126.9565,Trade Weighted US Dollar Index (Daily)
DTWEXBGS,2024-12-04,126.7574,Trade Weighted US Dollar Index (Daily)
DTWEXBGS,2024-12-05,126.4286,Trade Weighted US Dollar Index (Daily)
DTWEXBGS,2024-12-06,126.688,Trade Weighted US Dollar Index (Daily)
DTWEXBGS,2024-12-09,126.5981,Trade Weighted US Dollar Index (Daily)
DTWEXBGS,2024-12-10,126.957,Trade Weighted US Dollar Index (Daily)
DTWEXBGS,2024-12-11,126.8483,Trade Weighted US Dollar Index (Daily)
DTWEXBGS,2024-12-12,126.9556,Trade Weighted US Dollar Index (Daily)
DTWEXBGS,2024-12-13,127.3096,Trade Weighted US Dollar Index (Daily)
DTWEXBGS,2024-12-16,127.2687,Trade Weighted US Dollar Index (Daily)
DTWEXBGS,2024-12-17,127.5043,Trade Weighted US Dollar Index (Daily)
DTWEXBGS,2024-12-18,127.6418,Trade Weighted US Dollar Index (Daily)
DTWEXBGS,2024-12-19,128.6366,Trade Weighted US Dollar Index (Daily)
DTWEXBGS,2024-12-20,127.893,Trade Weighted US Dollar Index (Daily)
DTWEXBGS,2024-12-23,128.3021,Trade Weighted US Dollar Index (Daily)
DTWEXBGS,2024-12-24,128.3377,Trade Weighted US Dollar Index (Daily)
DTWEXBGS,2024-12-26,128.3329,Trade Weighted US Dollar Index (Daily)
DTWEXBGS,2024-12-27,128.45,Trade Weighted US Dollar Index (Daily)
DTWEXBGS,2024-12-30,128.8205,Trade Weighted US Dollar Index (Daily)
DTWEXBGS,2024-12-31,129.2775,Trade Weighted US Dollar Index (Daily)
DTWEXBGS,2025-01-02,129.4598,Trade Weighted US Dollar Index (Daily)
DTWEXBGS,2025-01-03,129.4535,Trade Weighted US Dollar Index (Daily)
DTWEXBGS,2025-01-06,128.538,Trade Weighted US Dollar Index (Daily)
DTWEXBGS,2025-01-07,128.613,Trade Weighted US Dollar Index (Daily)
DTWEXBGS,2025-01-08,129.0785,Trade Weighted US Dollar Index (Daily)
DTWEXBGS,2025-01-09,129.2827,Trade Weighted US Dollar Index (Daily)
DTWEXBGS,2025-01-10,129.8664,Trade Weighted US Dollar Index (Daily)
DTWEXBGS,2025-01-13,130.0413,Trade Weighted US Dollar Index (Daily)
DTWEXBGS,2025-01-14,129.3812,Trade Weighted US Dollar Index (Daily)
DTWEXBGS,2025-01-15,129.2092,Trade Weighted US Dollar Index (Daily)
DTWEXBGS,2025-01-16,129.436,Trade Weighted US Dollar Index (Daily)
DTWEXBGS,2025-01-17,129.4859,Trade Weighted US Dollar Index (Daily)
DTWEXBGS,2025-01-21,128.4151,Trade Weighted US Dollar Index (Daily)
DTWEXBGS,2025-01-22,128.3402,Trade Weighted US Dollar Index (Daily)
DTWEXBGS,2025-01-23,128.2162,Trade Weighted US Dollar Index (Daily)
DTWEXBGS,2025-01-24,127.4611,Trade Weighted US Dollar Index (Daily)
DTWEXBGS,2025-01-27,128.0912,Trade Weighted US Dollar Index (Daily)
DTWEXBGS,2025-01-28,128.2817,Trade Weighted US Dollar Index (Daily)
DTWEXBGS,2025-01-29,128.3418,Trade Weighted US Dollar Index (Daily)
DTWEXBGS,2025-01-30,128.1004,Trade Weighted US Dollar Index (Daily)
DTWEXBGS,2025-01-31,128.4828,Trade Weighted US Dollar Index (Daily)
DTWEXBGS,2025-02-03,129.109,Trade Weighted US Dollar Index (Daily)
DTWEXBGS,2025-02-04,128.1083,Trade Weighted US Dollar Index (Daily)
DTWEXBGS,2025-02-05,127.9751,Trade Weighted US Dollar Index (Daily)
DTWEXBGS,2025-02-06,128.2017,Trade Weighted US Dollar Index (Daily)
DTWEXBGS,2025-02-07,128.4292,Trade Weighted US Dollar Index (Daily)
DTWEXBGS,2025-02-10,128.6382,Trade Weighted US Dollar Index (Daily)
DTWEXBGS,2025-02-11,128.4322,Trade Weighted US Dollar Index (Daily)
DTWEXBGS,2025-02-12,128.3288,Trade Weighted US Dollar Index (Daily)
DTWEXBGS,2025-02-13,127.8931,Trade Weighted US Dollar Index (Daily)
DTWEXBGS,2025-02-14,127.1491,Trade Weighted US Dollar Index (Daily)
DTWEXBGS,2025-02-18,127.2906,Trade Weighted US Dollar Index (Daily)
DTWEXBGS,2025-02-19,127.7317,Trade Weighted US Dollar Index (Daily)
DTWEXBGS,2025-02-20,127.1126,Trade Weighted US Dollar Index (Daily)
DTWEXBGS,2025-02-21,127.1408,Trade Weighted US Dollar Index (Daily)
DTWEXBGS,2025-02-24,127.1921,Trade Weighted US Dollar Index (Daily)
DTWEXBGS,2025-02-25,127.3752,Trade Weighted US Dollar Index (Daily)
DTWEXBGS,2025-02-26,127.2822,Trade Weighted US Dollar Index (Daily)
DTWEXBGS,2025-02-27,127.9704,Trade Weighted US Dollar Index (Daily)
DTWEXBGS,2025-02-28,128.2805,Trade Weighted US Dollar Index (Daily)
DTWEXBGS,2025-03-03,127.75,Trade Weighted US Dollar Index (Daily)
DTWEXBGS,2025-03-04,127.9966,Trade Weighted US Dollar Index (Daily)
DTWEXBGS,2025-03-05,126.504,Trade Weighted US Dollar Index (Daily)
DTWEXBGS,2025-03-06,126.1099,Trade Weighted US Dollar Index (Daily)
DTWEXBGS,2025-03-07,125.9814,Trade Weighted US Dollar Index (Daily)
DTWEXBGS,2025-03-10,126.268,Trade Weighted US Dollar Index (Daily)
DTWEXBGS,2025-03-11,126.0457,Trade Weighted US Dollar Index (Daily)
DTWEXBGS,2025-03-12,125.8664,Trade Weighted US Dollar Index (Daily)
DTWEXBGS,2025-03-13,126.0031,Trade Weighted US Dollar Index (Daily)
DTWEXBGS,2025-03-14,125.6942,Trade Weighted US Dollar Index (Daily)
DTWEXBGS,2025-03-17,125.3688,Trade Weighted US Dollar Index (Daily)
DTWEXBGS,2025-03-18,125.488,Trade Weighted US Dollar Index (Daily)
DTWEXBGS,2025-03-19,125.8006,Trade Weighted US Dollar Index (Daily)
DTWEXBGS,2025-03-20,125.985,Trade Weighted US Dollar Index (Daily)
DTWEXBGS,2025-03-21,126.2679,Trade Weighted US Dollar Index (Daily)
DTWEXBGS,2025-03-24,126.1956,Trade Weighted US Dollar Index (Daily)
DTWEXBGS,2025-03-25,126.0535,Trade Weighted US Dollar Index (Daily)
DTWEXBGS,2025-03-26,126.2364,Trade Weighted US Dollar Index (Daily)
DTWEXBGS,2025-03-27,126.3626,Trade Weighted US Dollar Index (Daily)
DTWEXBGS,2025-03-28,126.4187,Trade Weighted US Dollar Index (Daily)
DTWEXBGS,2025-03-31,126.7075,Trade Weighted US Dollar Index (Daily)
DTWEXBGS,2025-04-01,126.4338,Trade Weighted US Dollar Index (Daily)
DTWEXBGS,2025-04-02,126.3811,Trade Weighted US Dollar Index (Daily)
DTWEXBGS,2025-04-03,124.7316,Trade Weighted US Dollar Index (Daily)
DTWEXBGS,2025-04-04,125.8129,Trade Weighted US Dollar Index (Daily)
DTWEXBGS,2025-04-07,126.8282,Trade Weighted US Dollar Index (Daily)
DTWEXBGS,2025-04-08,126.8668,Trade Weighted US Dollar Index (Daily)
DTWEXBGS,2025-04-09,126.628,Trade Weighted US Dollar Index (Daily)
DTWEXBGS,2025-04-10,125.089,Trade Weighted US Dollar Index (Daily)
DTWEXBGS,2025-04-11,124.0163,Trade Weighted US Dollar Index (Daily)
DTWEXBGS,2025-04-14,123.6598,Trade Weighted US Dollar Index (Daily)
DTWEXBGS,2025-04-15,123.776,Trade Weighted US Dollar Index (Daily)
DTWEXBGS,2025-04-16,123.2724,Trade Weighted US Dollar Index (Daily)
DTWEXBGS,2025-04-17,123.1298,Trade Weighted US Dollar Index (Daily)
DTWEXBGS,2025-04-18,122.9865,Trade Weighted US Dollar Index (Daily)
DTWEXBGS,2025-04-21,122.3145,Trade Weighted US Dollar Index (Daily)
DTWEXBGS,2025-04-22,122.4175,Trade Weighted US Dollar Index (Daily)
DTWEXBGS,2025-04-23,123.0252,Trade Weighted US Dollar Index (Daily)
DTWEXBGS,2025-04-24,122.9251,Trade Weighted US Dollar Index (Daily)
DTWEXBGS,2025-04-25,122.8858,Trade Weighted US Dollar Index (Daily)
DTWEXBGS,2025-04-28,122.7176,Trade Weighted US Dollar Index (Daily)
DTWEXBGS,2025-04-29,122.5944,Trade Weighted US Dollar Index (Daily)
DTWEXBGS,2025-04-30,122.5921,Trade Weighted US Dollar Index (Daily)
DTWEXBGS,2025-05-01,123.1405,Trade Weighted US Dollar Index (Daily)
DTWEXBGS,2025-05-02,122.4962,Trade Weighted US Dollar Index (Daily)
DTWEXBGS,2025-05-05,122.2613,Trade Weighted US Dollar Index (Daily)
DTWEXBGS,2025-05-06,122.0417,Trade Weighted US Dollar Index (Daily)
DTWEXBGS,2025-05-07,122.117,Trade Weighted US Dollar Index (Daily)
DTWEXBGS,2025-05-08,122.7568,Trade Weighted US Dollar Index (Daily)
DTWEXBGS,2025-05-09,122.5191,Trade Weighted US Dollar Index (Daily)
DTWEXBGS,2025-05-12,123.4863,Trade Weighted US Dollar Index (Daily)
DTWEXBGS,2025-05-13,122.9583,Trade Weighted US Dollar Index (Daily)
DTWEXBGS,2025-05-14,122.6746,Trade Weighted US Dollar Index (Daily)
DTWEXBGS,2025-05-15,122.8174,Trade Weighted US Dollar Index (Daily)
DTWEXBGS,2025-05-16,123.0737,Trade Weighted US Dollar Index (Daily)
DTWEXBGS,2025-05-19,122.4186,Trade Weighted US Dollar Index (Daily)
DTWEXBGS,2025-05-20,122.3199,Trade Weighted US Dollar Index (Daily)
DTWEXBGS,2025-05-21,121.7496,Trade Weighted US Dollar Index (Daily)
DTWEXBGS,2025-05-22,122.0429,Trade Weighted US Dollar Index (Daily)
DTWEXBGS,2025-05-23,121.3837,Trade Weighted US Dollar Index (Daily)
DTWEXBGS,2025-05-27,121.6099,Trade Weighted US Dollar Index (Daily)
DTWEXBGS,2025-05-28,121.9888,Trade Weighted US Dollar Index (Daily)
DTWEXBGS,2025-05-29,121.5617,Trade Weighted US Dollar Index (Daily)
DTWEXBGS,2025-05-30,121.7674,Trade Weighted US Dollar Index (Daily)
DTWEXBGS,2025-06-02,121.1881,Trade Weighted US Dollar Index (Daily)
DTWEXBGS,2025-06-03,121.4592,Trade Weighted US Dollar Index (Daily)
DTWEXBGS,2025-06-04,121.0539,Trade Weighted US Dollar Index (Daily)
DTWEXBGS,2025-06-05,120.9596,Trade Weighted US Dollar Index (Daily)
DTWEXBGS,2025-06-06,121.161,Trade Weighted US Dollar Index (Daily)
DTWEXBGS,2025-06-09,120.9103,Trade Weighted US Dollar Index (Daily)
DTWEXBGS,2025-06-10,121.0485,Trade Weighted US Dollar Index (Daily)
DTWEXBGS,2025-06-11,120.587,Trade Weighted US Dollar Index (Daily)
DTWEXBGS,2025-06-12,120.1723,Trade Weighted US Dollar Index (Daily)
DTWEXBGS,2025-06-13,120.3245,Trade Weighted US Dollar Index (Daily)
DTWEXBGS,2025-06-16,120.1565,Trade Weighted US Dollar Index (Daily)
DTWEXBGS,2025-06-17,120.5048,Trade Weighted US Dollar Index (Daily)
DTWEXBGS,2025-06-18,120.7305,Trade Weighted US Dollar Index (Daily)
DTWEXBGS,2025-06-20,121.0408,Trade Weighted US Dollar Index (Daily)
DTWEXBGS,2025-06-23,121.1694,Trade Weighted US Dollar Index (Daily)
DTWEXBGS,2025-06-24,120.3645,Trade Weighted US Dollar Index (Daily)
DTWEXBGS,2025-06-25,120.3336,Trade Weighted US Dollar Index (Daily)
DTWEXBGS,2025-06-26,119.6451,Trade Weighted US Dollar Index (Daily)
DTWEXBGS,2025-06-27,119.659,Trade Weighted US Dollar Index (Daily)
DTWEXBGS,2025-06-30,119.4088,Trade Weighted US Dollar Index (Daily)
